song,artist,album
ONE PART BE MY LOVER,BONNIE RAITT,LUCK OF THE DRAW
FOOL'S GAME,BONNIE RAITT,SILVER LINING
GNAWIN' ON IT,BONNIE RAITT,SILVER LINING
I CAN'T HELP YOU NOW,BONNIE RAITT,SILVER LINING
I NEED LOVE,BONNIE RAITT,FUNDAMENTAL
I'M ON YOUR SIDE,BONNIE RAITT,FUNDAMENTAL
LOVER'S WILL,BONNIE RAITT,FUNDAMENTAL
WHAT YOU MEANT,FRANZ FERDINAND,YOU COULD HAVE IT SO MUCH BETTER
ROUTE 66,CHUCK BERRY,ONE DOZEN BERRYS / JUKE BOX HITS
SWEET LITTLE SIXTEEN,CHUCK BERRY,ONE DOZEN BERRYS / JUKE BOX HITS
MEMPHIS TENNESSEE,CHUCK BERRY,GREATEST HITS
ROLL OVER BEETHOVEN,CHUCK BERRY,GREATEST HITS
SCHOOL DAY (RING RING GOES THE BELL),CHUCK BERRY,GREATEST HITS
THIRTY DAYS (TO COME BACK HOME),CHUCK BERRY,GREATEST HITS
BACK IN THE USA,CHUCK BERRY,HIS BEST
NO PARTICULAR PLACE TO GO,CHUCK BERRY,HIS BEST
BLACK DOG,LED ZEPPELIN,REMASTERS
IN THE EVENING,LED ZEPPELIN,REMASTERS
TRAMPLED UNDERFOOT,LED ZEPPELIN,REMASTERS
YOUR TIME IS GONNA COME,LED ZEPPELIN,LED ZEPPELIN
GALLOWS POLE,LED ZEPPELIN,LED ZEPPELIN III
TANGERINE,LED ZEPPELIN,LED ZEPPELIN III
THAT'S THE WAY,LED ZEPPELIN,LED ZEPPELIN III
THE FUNDAMENTAL THINGS,BONNIE RAITT,FUNDAMENTAL
CAN'T STOP FEELING,FRANZ FERDINAND,TONIGHT: FRANZ FERDINAND
KATHERINE KISS ME,FRANZ FERDINAND,TONIGHT: FRANZ FERDINAND
THIS FIRE,FRANZ FERDINAND,FRANZ FERDINAND
I'M YOUR VILLAIN,FRANZ FERDINAND,YOU COULD HAVE IT SO MUCH BETTER
THE FALLEN,FRANZ FERDINAND,YOU COULD HAVE IT SO MUCH BETTER
WALK AWAY,FRANZ FERDINAND,YOU COULD HAVE IT SO MUCH BETTER
WELL THAT WAS EASY,FRANZ FERDINAND,YOU COULD HAVE IT SO MUCH BETTER
WHEN THE LEVEE BREAKS,LED ZEPPELIN,LED ZEPPELIN (IV)
BE BOP A LULA,JERRY LEE LEWIS,GREAT BALLS OF FIRE
CRAZY ARMS,JERRY LEE LEWIS,GREAT BALLS OF FIRE
GOOD GOLLY MISS MOLLY,JERRY LEE LEWIS,GREAT BALLS OF FIRE
LEWIS BOOGIE,JERRY LEE LEWIS,GREAT BALLS OF FIRE
RELEASE ME,JERRY LEE LEWIS,GREAT BALLS OF FIRE
BREAK UP,JERRY LEE LEWIS,THE BEST OF JERRY LEE LEWIS
DRINKIN' WINE SPO-DEE-O-DEE,JERRY LEE LEWIS,THE BEST OF JERRY LEE LEWIS
ONE MINUTE PAST ETERNITY,JERRY LEE LEWIS,THE BEST OF JERRY LEE LEWIS
MORE THAN A FEELING (SINGLE VERSION),BOSTON,THEN '70S TOTALLY OLDIES 6
SPIRIT IN THE SKY,NORMAN GREENBAUM,THEN '70S TOTALLY OLDIES 6
DO YOU BELIEVE IN MAGIC?,LOVIN' SPOONFUL,REMEMBER...1965
KEEP SEARCHIN',DEL SHANNON,REMEMBER...1965
EVERYTHING I DO,BEYONCE,FIGHTING TEMPTATIONS THE
FIGHTING TEMPTATION,BEYONCE,FIGHTING TEMPTATIONS THE
SUMMERTIME,BEYONCE,FIGHTING TEMPTATIONS THE
ME MYSELF AND I,BEYONCE,DANGEROUSLY IN LOVE
SIGNS,BEYONCE,DANGEROUSLY IN LOVE
THE CLOSER I GET TO YOU,BEYONCE,DANGEROUSLY IN LOVE
WORK IT OUT,BEYONCE,DANGEROUSLY IN LOVE
WENDY TIME,CURE,WISH
RETURN,CURE,WILD MOOD SWINGS
THE 13TH,CURE,WILD MOOD SWINGS
THIS IS A LIE,CURE,WILD MOOD SWINGS
TREASURE,CURE,WILD MOOD SWINGS
GIVE ME IT,CURE,THE TOP
THE TOP,CURE,THE TOP
THIS HERE AND NOW WITH YOU,CURE,4:13 DREAM
EVERLASTING LOVE,LOVE AFFAIR,HITS OF THE YEARS 1960 - 1975
LOVE IS ALL AROUND,TROGGS,HITS OF THE YEARS 1960 - 1975
RAINBOW VALLEY,LOVE AFFAIR,HITS OF THE YEARS 1960 - 1975
BRITE SIDE,DEBORAH HARRY,HARRY DEBORAH
DREAMING,BLONDIE,HARRY DEBORAH
FRENCH KISSIN' IN THE USA,DEBORAH HARRY,HARRY DEBORAH
HANGING ON THE TELEPHONE,BLONDIE,HARRY DEBORAH
I CAN SEE CLEARLY,DEBORAH HARRY,HARRY DEBORAH
I WANT THAT MAN,DEBORAH HARRY,HARRY DEBORAH
IN LOVE WITH LOVE (SAW REMIX),DEBORAH HARRY,HARRY DEBORAH
PRESENCE DEAR (I'M ALWAYS TOUCHED BY YOUR),BLONDIE,HARRY DEBORAH
DIVINE,BLONDIE,NO EXIT
MARIA,BLONDIE,NO EXIT
NIGHT WIND SENT,BLONDIE,NO EXIT
NO EXIT,BLONDIE,NO EXIT
NOTHING IS REAL BUT THE GIRL,BLONDIE,NO EXIT
APPLEJACK,DOLLY PARTON,THE VERY BEST OF DOLLY PARTON
BABY I'M BURNIN',DOLLY PARTON,THE VERY BEST OF DOLLY PARTON
COAT OF MANY COLORS,DOLLY PARTON,THE VERY BEST OF DOLLY PARTON
I WILL ALWAYS LOVE YOU,DOLLY PARTON,THE VERY BEST OF DOLLY PARTON
OLD FLAMES CAN'T HOLD A CANDLE TO YOU,DOLLY PARTON,THE VERY BEST OF DOLLY PARTON
BOTH SIDES NOW,DOLLY PARTON,THOSE WERE THE DAYS
CRIMSON AND CLOVER,DOLLY PARTON,THOSE WERE THE DAYS
WHERE DO THE CHILDREN PLAY,DOLLY PARTON,THOSE WERE THE DAYS
EVERYDAY,BUDDY HOLLY,THE FIRST THREE ALBUMS
I'M CHANGING ALL THOSE CHANGES,BUDDY HOLLY,THE FIRST THREE ALBUMS
IT'S TOO LATE,BUDDY HOLLY,THE FIRST THREE ALBUMS
MODERN DON JUAN,BUDDY HOLLY,THE FIRST THREE ALBUMS
TING A LING,BUDDY HOLLY,THE FIRST THREE ALBUMS
YOU ARE MY ONE DESIRE,BUDDY HOLLY,THE FIRST THREE ALBUMS
REAL WILD CHILD,BUDDY HOLLY,THAT'LL BE THE DAY/REMEMBER
THAT'S WHAT THEY SAY,BUDDY HOLLY,THAT'LL BE THE DAY/REMEMBER
FORTY DAYS AND FORTY NIGHTS,MUDDY WATERS,THE GREAT BLUES ALBUM
COME SEE ABOUT ME,SUPREMES,BOBBY
NEVER GONNA BREAK MY FAITH,ARETHA FRANKLIN,BOBBY
NO ONE LEFT BUT BOBBY,MIKE NOWARK,BOBBY
THE MINDLESS MENACE OF VIOLENCE/ON THE MINDLESS MENACE OF VI,MIKE NOWARK,BOBBY
THE TRACKS OF MY TEARS,MIRACLES,BOBBY
AUGIE'S PHOTOS,RACHEL PORTMAN,SMOKE
DOWNTOWN TRAIN,TOM WAITS,SMOKE
HONG KONG,"""JAY """"SCREAMIN"""" HAWKINS""",SMOKE
INNOCENT WHEN YOU DREAM (BARROOM),TOM WAITS,SMOKE
SNOW STORY,RACHEL PORTMAN,SMOKE
HOUND DOG,NO ARTIST,NOWHERE BOY
I PUT A SPELL ON YOU,"""JAY """"SCREAMIN"""" HAWKINS""",NOWHERE BOY
IN SPITE OF ALL THE DANGER,NOWHERE BOYS,NOWHERE BOY
MAGGIE MAY,NOWHERE BOYS,NOWHERE BOY
ALL I NEED IS YOUR GOOD LOVING,GLORIA GAYNOR,GREATEST HITS
DO IT YOURSELF (IF YOU WANT IT),GLORIA GAYNOR,GREATEST HITS
NEVER CAN SAY GOODBYE,GLORIA GAYNOR,GREATEST HITS
WALK ON BY,GLORIA GAYNOR,GREATEST HITS
WE CAN START ALL OVER AGAIN,GLORIA GAYNOR,GREATEST HITS
GUESS WHO,GLORIA GAYNOR,LOVE AFFAIR
I'LL APOLOGIZE,GLORIA GAYNOR,LOVE AFFAIR
LOVE AFFAIR,GLORIA GAYNOR,LOVE AFFAIR
CITY OF BLINDING LIGHTS,U2,HOW TO DISMANTLE AN ATOMIC BOMB
CRUMBS FROM YOUR TABLE,U2,HOW TO DISMANTLE AN ATOMIC BOMB
ORIGINAL OF THE SPECIES,U2,HOW TO DISMANTLE AN ATOMIC BOMB
STUCK IN A MOMENT YOU CAN'T GET OUT OF,U2,ALL THAT YOU CAN'T LEAVE BEHIND
ELECTRICAL STORM (WILLIAM ORBIT MIX),U2,THE BEST OF 1990-2000 & B-SIDES
LADY WITH THE SPINNING HEAD (EXTENDED DANCE MIX),U2,THE BEST OF 1990-2000 & B-SIDES
ONE,U2,THE BEST OF 1990-2000 & B-SIDES
TRYIN' TO THROW YOUR ARMS AROUND THE WORLD,U2,ACHTUNG BABY
1963,NEW ORDER,SUBSTANCE 1987
HURT,NEW ORDER,SUBSTANCE 1987
LONESOME TONIGHT,NEW ORDER,SUBSTANCE 1987
STATE OF THE NATION,NEW ORDER,SUBSTANCE 1987
KRAFTY,NEW ORDER,WAITING FOR THE SIRENS' CALL
CLOSE RANGE,NEW ORDER,GET READY
ROCK THE SHACK,NEW ORDER,GET READY
AGE OF CONSENT (HOWIE B. REMIX),NEW ORDER,THE REST OF NEW ORDER
HEAR ME LORD,GEORGE HARRISON,ALL THINGS MUST PASS
I DIG LOVE,GEORGE HARRISON,ALL THINGS MUST PASS
MY SWEET LORD,GEORGE HARRISON,ALL THINGS MUST PASS
WHAT IS LIFE,GEORGE HARRISON,ALL THINGS MUST PASS
DEVIL'S RADIO,GEORGE HARRISON,CLOUD NINE
JUST FOR TODAY,GEORGE HARRISON,CLOUD NINE
THAT'S WHAT IT TAKES,GEORGE HARRISON,CLOUD NINE
WHEN WE WAS FAB,GEORGE HARRISON,CLOUD NINE
BLUEBERRY HILL,DOMINO FATS,GREATEST HITS 50'S
UNFORGETTABLE,NAT COLE,GREATEST HITS 50'S
WHY DO FOOLS FALL IN LOVE,FRANKIE LYMON AND THE TEENAGERS,GREATEST HITS 50'S
LOVE SONG,PRINCE,LIKE A PRAYER
PRAY FOR SPANISH EYES,MADONNA,LIKE A PRAYER
WHY'S IT SO HARD,MADONNA,EROTICA
SOMETHING TO REMEMBER,MADONNA,SOMETHING TO REMEMBER
OVER AND OVER,MADONNA,LIKE A VIRGIN
INCREDIBLE,MADONNA,HARD CANDY
VOICES,MADONNA,HARD CANDY
GET TOGETHER,MADONNA,CONFESSIONS ON A DANCE FLOOR
SKY FITS HEAVEN,MADONNA,RAY OF LIGHT
DOWN ON THE CORNER,CREEDENCE CLEARWATER REVIVAL,THE CREEDENCE CLEARWATER REVIVAL COLLECTION
HEY TONIGHT,CREEDENCE CLEARWATER REVIVAL,THE CREEDENCE CLEARWATER REVIVAL COLLECTION
IT'S JUST A THOUGHT,CREEDENCE CLEARWATER REVIVAL,THE CREEDENCE CLEARWATER REVIVAL COLLECTION
BORN TO MOVE,CREEDENCE CLEARWATER REVIVAL,CHRONICLE VOL. 2
SUZIE Q,CREEDENCE CLEARWATER REVIVAL,CHRONICLE
CROSS-TIE WALKER,CREEDENCE CLEARWATER REVIVAL,GREEN RIVER
DOOR TO DOOR,CREEDENCE CLEARWATER REVIVAL,MARDI GRAS
NEED SOMEONE TO HOLD,CREEDENCE CLEARWATER REVIVAL,MARDI GRAS
I BELIEVE IN YOU,BOB DYLAN,SLOW TRAIN COMING
MAN GAVE NAMES TO ALL THE ANIMALS,BOB DYLAN,SLOW TRAIN COMING
I SHALL BE RELEASED,BOB DYLAN,THE BEST OF BOB DYLAN
CHIMES OF FREEDOM,BOB DYLAN,BOB DYLAN'S GREATEST HIT VOL. II
IT TAKES A LOT TO LAUGH IT TAKES A TRAIN TO CRY,BOB DYLAN,BOB DYLAN'S GREATEST HIT VOL. II
MASTERS OF WAR,BOB DYLAN,BOB DYLAN'S GREATEST HIT VOL. II
LITTLE MAGGIE,BOB DYLAN,GOOD AS I BEEN TO YOU
BOB YOUR HEAD,RUN DMC,BACK FROM HELL
DON'T STOP,RUN DMC,BACK FROM HELL
ROCK SHOW,RUN DMC,CROWN ROYAL
SIMMONS INCORPORATED,RUN DMC,CROWN ROYAL
IT'S TRICKY,RUN DMC,GREATEST HITS 1983-1998
MY ADIDAS,RUN DMC,GREATEST HITS 1983-1998
3 IN THE HEAD,RUN DMC,DOWN WITH THE KING
CAN I GET A WITNESS,RUN DMC,DOWN WITH THE KING
CHONNIE-ON-CHON,JAMES BROWN,LIBERTY HEIGHTS
DARLING JE VOUS AIME BEAUCOUP,NAT COLE,LIBERTY HEIGHTS
IF,LOUIS ARMSTRONG,LIBERTY HEIGHTS
IT'S OVER,TOM WAITS,LIBERTY HEIGHTS
PUTTING ON THE DOG,TOM WAITS,LIBERTY HEIGHTS
YOUNG AT HEART,FRANK SINATRA,LIBERTY HEIGHTS
ABC (SALAAM REMI REMIX),JACKSON FIVE,THE REMIX SUITE
DANCIN' MACHINE (POLOW REMIX),JACKSON FIVE,THE REMIX SUITE
DANCIN' MACHINE (STEVE AOKI REMIX),JACKSON FIVE,THE REMIX SUITE
HUM ALONG AND DANCE (DAVID MORALES GIAMSTA MIX),JACKSON FIVE,THE REMIX SUITE
MAYBE TOMORROW (STURKEN & ROGERS REMIX),JACKSON FIVE,THE REMIX SUITE
NEVER CAN SAY GOODBYE (THE NEPTUNES REMIX),JACKSON FIVE,THE REMIX SUITE
TIME OF THE SEASON,ZOMBIES,1969
WHEN I WAS YOUNG,ANIMALS,1969
WHITE ROOM,CREAM,1969
GO NOW,NO ARTIST,HITS OF THE SIXTIES
SHE'S NOT THERE,ZOMBIES,HITS OF THE SIXTIES
WITH A LITTLE HELP FROM MY FRIENDS,JOE COCKER,HITS OF THE SIXTIES
CALIFORNIA EARTHQUAKE,MAMA'S & PAPA'S,THE FABULOUS MAMA'S & PAPA'S
CREEQUE ALLEY,MAMA'S & PAPA'S,THE FABULOUS MAMA'S & PAPA'S
DANCING IN THE STREET,MAMA'S & PAPA'S,THE FABULOUS MAMA'S & PAPA'S
DO YOU WANNA DANCE,MAMA'S & PAPA'S,THE FABULOUS MAMA'S & PAPA'S
I CAN'T WAIT,MAMA'S & PAPA'S,THE FABULOUS MAMA'S & PAPA'S
I SAW HER AGAIN LAST NIGHT,MAMA'S & PAPA'S,THE FABULOUS MAMA'S & PAPA'S
SOMEBODY GROOVY,MAMA'S & PAPA'S,THE FABULOUS MAMA'S & PAPA'S
CARIBOU,PIXIES,DEATH TO THE PIXIES
DEBASER,PIXIES,DEATH TO THE PIXIES
DIG FOR FIRE,PIXIES,DEATH TO THE PIXIES
GIGANTIC,PIXIES,DEATH TO THE PIXIES
HERE COMES YOUR MAN,PIXIES,DEATH TO THE PIXIES
MONKEY GONE TO HEAVEN,PIXIES,DEATH TO THE PIXIES
PLANET OF SOUND,PIXIES,DEATH TO THE PIXIES
VELOURIA,PIXIES,DEATH TO THE PIXIES
GOD MADE YOU FOR ME,AARON NEVILLE,TO MAKE ME WHO I AM
SWEET AMELIA,AARON NEVILLE,TO MAKE ME WHO I AM
THE FIRST TIME EVER I SAW YOUR FACE,AARON NEVILLE,TO MAKE ME WHO I AM
YES I LOVE YOU,AARON NEVILLE,TO MAKE ME WHO I AM
DON'T GO PLEASE STAY,AARON NEVILLE,WARM YOUR HEART
DON'T FALL APART ON ME TONIGHT,AARON NEVILLE,THE GRAND TOUR
RONNIE-O,AARON NEVILLE,THE GRAND TOUR
THE BELLS,AARON NEVILLE,THE GRAND TOUR
AND SHE SAID TAKE ME NOW,JUSTIN TIMBERLAKE,JUSTIFIED
LIKE I LOVE YOU,JUSTIN TIMBERLAKE,JUSTIFIED
RIGHT FOR ME,JUSTIN TIMBERLAKE,JUSTIFIED
ANOTHER SONG ALL OVER AGAIN,JUSTIN TIMBERLAKE,FUTURESEX/LOVESOUNDS
LOVESTONED/I THINK SHE KNOWS (INTERLUDE),JUSTIN TIMBERLAKE,FUTURESEX/LOVESOUNDS
MY LOVE,JUSTIN TIMBERLAKE,FUTURESEX/LOVESOUNDS
SEXY LADIES/LET ME TALK TO YOU (PRELUDE),JUSTIN TIMBERLAKE,FUTURESEX/LOVESOUNDS
SUMMER LOVE/SET THE MOOD (PRELUDE),JUSTIN TIMBERLAKE,FUTURESEX/LOVESOUNDS
BLUE MONDAY,DOMINO FATS,TUTTI FRUTTI
LUCILLE,LITTLE RICHARD,TUTTI FRUTTI
ROLL OVER BEETHOVEN,CARL PERKINS,TUTTI FRUTTI
HERE WE GO LOOPTY-LOO,LITTLE RICHARD,SHAKE IT ALL ABOUT
OLD MACDONALD,LITTLE RICHARD,SHAKE IT ALL ABOUT
ON TOP OF SPAGHETTI,LITTLE RICHARD,SHAKE IT ALL ABOUT
SHE'LL BE COMING ROUND THE MOUNTAIN,LITTLE RICHARD,SHAKE IT ALL ABOUT
WHEN THE SAINTS GO MARCHING IN,LITTLE RICHARD,SHAKE IT ALL ABOUT
ZIP-A-DEE-DOO-DAH,LITTLE RICHARD,SHAKE IT ALL ABOUT
SLIPPIN' AND SLIDIN',LITTLE RICHARD,LITTLE RICHARD VOL. 1 - AT HIS WILDEST
ALWAYS ON MY MIND,ELVIS PRESLEY,THE ESSENTIAL COLLECTION
BURNING LOVE,ELVIS PRESLEY,THE ESSENTIAL COLLECTION
GOOD LUCK CHARM,ELVIS PRESLEY,THE ESSENTIAL COLLECTION
I WANT YOU I NEED YOU I LOVE YOU,ELVIS PRESLEY,HOUND DOG & OTHER HITS
TOO MUCH,ELVIS PRESLEY,HOUND DOG & OTHER HITS
WEAR MY RING AROUND YOUR NECK,ELVIS PRESLEY,HOUND DOG & OTHER HITS
GOT A LOT OF LIVIN' TO DO,ELVIS PRESLEY,THE LEGEND
LONESOME COWBOY,ELVIS PRESLEY,THE LEGEND
THAT'S RIGHT,CARL PERKINS,ALL TIME COUNTRY HITS VOL. II
TODAY TOMORROW AND FOREVER,PATSY CLINE,ALL TIME COUNTRY HITS VOL. II
HONKY TONK MERRY GO ROUND,PATSY CLINE,COUNTRY AND WESTERN VOLUME 3
BABY IT'S COLD OUTSIDE,ROD STEWART,STARDUST...THE GREAT AMERICAN SONGBOOK VOL. III
EVERY TIME WE SAY GOODBYE,ROD STEWART,IT HAD TO BE YOU... THE GREAT AMERICAN SONGBOOK
IT HAD TO BE YOU,ROD STEWART,IT HAD TO BE YOU... THE GREAT AMERICAN SONGBOOK
THESE FOOLISH THINGS,ROD STEWART,IT HAD TO BE YOU... THE GREAT AMERICAN SONGBOOK
CHARLIE PARKER LOVES ME,ROD STEWART,HUMAN
REBEL HEART,ROD STEWART,VAGABOND HEART
IT'S A HEARTACHE,ROD STEWART,STILL THE SAME...GREAT ROCK CLASSICS OF OUR TIME
LOVE HURTS,ROD STEWART,STILL THE SAME...GREAT ROCK CLASSICS OF OUR TIME
JUDAS,VERVE,FORTH
LOVE IS NOISE,VERVE,FORTH
RATHER BE,VERVE,FORTH
SIT AND WONDER,VERVE,FORTH
SONNET,VERVE,URBAN HYMNS
THIS TIME,VERVE,URBAN HYMNS
VELVET MORNING,VERVE,URBAN HYMNS
WEEPING WILLOW,VERVE,URBAN HYMNS
IN DREAMS,ROY ORBISON,IN DREAMS: THE GREATEST HITS
OH PRETTY WOMAN,ROY ORBISON,IN DREAMS: THE GREATEST HITS
COMING HOME,ROY ORBISON,KING OF HEARTS
I DROVE ALL NIGHT,ROY ORBISON,KING OF HEARTS
WE'LL TAKE THE NIGHT,ROY ORBISON,KING OF HEARTS
YOU'RE THE ONE,ROY ORBISON,KING OF HEARTS
I CAN'T STOP LOVING YOU,ROY ORBISON,BEST-LOVED STANDARDS
ALMOST EIGHTEEN,ROY ORBISON,"""BIG """"O"""""""
CENTER OF THE UNIVERSE,EAGLES,LONG ROAD OUT OF EDEN
I LOVE TO WATCH A WOMAN DANCE,EAGLES,LONG ROAD OUT OF EDEN
LAST GOOD TIME IN TOWN,EAGLES,LONG ROAD OUT OF EDEN
NO MORE WALKS IN THE WOOD,EAGLES,LONG ROAD OUT OF EDEN
WHAT DO I DO WITH MY HEART,EAGLES,LONG ROAD OUT OF EDEN
LIFE IN THE FAST LANE,EAGLES,THE LEGEND OF EAGLES
LYIN' EYES,EAGLES,THE LEGEND OF EAGLES
ONE OF THESE NIGHTS,EAGLES,THE LEGEND OF EAGLES
FAMILY BUSINESS,KANYE WEST,THE COLLEGE DROPOUT
NEVER LET ME DOWN,KANYE WEST,THE COLLEGE DROPOUT
SCHOOL SPIRIT,KANYE WEST,THE COLLEGE DROPOUT
SPACESHIP,KANYE WEST,THE COLLEGE DROPOUT
BRING ME DOWN,KANYE WEST,LATE REGISTRATION
GONE,KANYE WEST,LATE REGISTRATION
HEARD 'EM SAY,KANYE WEST,LATE REGISTRATION
CHARLENA,LOS LOBOS,BAMBA LA
COME ON LET'S GO,LOS LOBOS,BAMBA LA
DONNA,LOS LOBOS,BAMBA LA
FRAMED,LOS LOBOS,BAMBA LA
GOOD NIGHT MY LOVE (PLEASANT DREAMS),LOS LOBOS,BAMBA LA
LA BAMBA,LOS LOBOS,BAMBA LA
WE BELONG TOGETHER,LOS LOBOS,BAMBA LA
WHO DO YOU LOVE,BO DIDDLEY,BAMBA LA
BLACK TONGUE,YEAH YEAH YEAHS,FEVER TO TELL
DATE WITH THE NIGHT,YEAH YEAH YEAHS,FEVER TO TELL
MAPS,YEAH YEAH YEAHS,FEVER TO TELL
Y CONTROL,YEAH YEAH YEAHS,FEVER TO TELL
DRAGON QUEEN,YEAH YEAH YEAHS,IT'S BLITZ!
LITTLE SHADOW,YEAH YEAH YEAHS,IT'S BLITZ!
SHAME AND FORTUNE,YEAH YEAH YEAHS,IT'S BLITZ!
SOFT SHOCK,YEAH YEAH YEAHS,IT'S BLITZ!
A CHILD'S CLAIM TO FAME,BUFFALO SPRINGFIELD,WONDER BOYS
NOT DARK YET,BOB DYLAN,WONDER BOYS
BLOWIN' IN THE WIND,JOAN BAEZ,FORREST GUMP
BREAK ON THROUGH,DOORS,FORREST GUMP
CALIFORNIA DREAMIN',MAMA'S & PAPA'S,FORREST GUMP
FOR WHAT IT'S WORTH,BUFFALO SPRINGFIELD,FORREST GUMP
STONED LOVE,SUPREMES,FORREST GUMP
BLACK MAGIC WOMAN,SANTANA,WEST COAST ROCK
BLUEBIRD,BUFFALO SPRINGFIELD,WEST COAST ROCK
CRY BABY,CHEAP TRICK,WOKE UP WITH A MONSTER
GIRLFRIENDS,CHEAP TRICK,WOKE UP WITH A MONSTER
NEVER RUN OUT OF LOVE,CHEAP TRICK,WOKE UP WITH A MONSTER
YOU'RE ALL I WANNA DO,CHEAP TRICK,WOKE UP WITH A MONSTER
HEAVEN'S FALLING,CHEAP TRICK,NEXT POSITION PLEASE
Y.O.Y.O.Y.,CHEAP TRICK,NEXT POSITION PLEASE
I WANT YOU,CHEAP TRICK,ONE ON ONE
CUTTIN' OUT,JOHN LEE HOOKER,THE HEALER
THE HEALER,JOHN LEE HOOKER,THE HEALER
CRAWLING KING SNAKE,JOHN LEE HOOKER,MR. LUCKY
FRISCO BLUES,JOHN LEE HOOKER,DON'T LOOK BACK
SERVES ME RIGHT TO SUFFER/SYNDICATOR,JOHN LEE HOOKER,CHILL OUT
TUPELO,JOHN LEE HOOKER,CHILL OUT
WE'LL MEET AGAIN,JOHN LEE HOOKER,CHILL OUT
"'TIL I KISSED YOU,EVERLY BROTHERS,THE VERY BEST OF EVERLY BROSTHERS,rock & roll*,breezy,carefree,catchy,movement,rhythmic,,,,,,,,,,,,,,,,,,,,
BE BOP A LULA,EVERLY BROTHERS,THE VERY BEST OF EVERLY BROSTHERS,rock & roll*,singer-songwriter*,ballroom,catchy,exciting,movement,remembrance,rhythmic,success,,,,,,,,,,,,,,,,,
CATHY'S CLOWN",EVERLY BROTHERS,THE VERY BEST OF EVERLY BROSTHERS
DEVOTED TO YOU,EVERLY BROTHERS,THE VERY BEST OF EVERLY BROSTHERS
LUCILLE,EVERLY BROTHERS,THE VERY BEST OF EVERLY BROSTHERS
MAYBE TOMORROW,EVERLY BROTHERS,THE VERY BEST OF EVERLY BROSTHERS
POOR JENNY,EVERLY BROTHERS,THE VERY BEST OF EVERLY BROSTHERS
SO SAD (TO WATCH GOOD LOVE GO BAD),EVERLY BROTHERS,THE VERY BEST OF EVERLY BROSTHERS
GIMME SOME LOVIN',SPENCER DAVIS GROUP,NOTTING HILL
HOW CAN YOU MEND A BROKEN HEART,AL GREEN,NOTTING HILL
YOU'VE GOT A WAY-NOTTING HILL REMIX,SHANIA TWAIN,NOTTING HILL
EMPTY SPACES,PINK FLOYD,THE WALL
IN THE FLESH?,PINK FLOYD,THE WALL
NOT NOW JOHN,PINK FLOYD,THE FINAL CUT
TWO SUNS IN THE SUNSET,PINK FLOYD,THE FINAL CUT
WHEN THE TIGERS BROKE FREE,PINK FLOYD,THE FINAL CUT
THE DOGS OF WAR,PINK FLOYD,A MOMENTARY LAPSE OF REASON
YET ANOTHER MOVIE/ROUND AND AROUND,PINK FLOYD,A MOMENTARY LAPSE OF REASON
ON THE RUN,PINK FLOYD,DARK SIDE OF THE MOON
GOD MUST BE A BOOGIE MAN - (ORCHESTRAL VERSION),JONI MITCHELL,TRAVELOGUE
JUST LIKE THIS TRAIN - (ORCHESTRAL VERSION),JONI MITCHELL,TRAVELOGUE
LOVE (I CORINTHIAS 13) - ORCHESTRAL VERSION,JONI MITCHELL,TRAVELOGUE
COYOTE,JONI MITCHELL,HEJIRA
IMPOSSIBLE DREAMER,JONI MITCHELL,DOG EAT DOG
TAX FREE,JONI MITCHELL,DOG EAT DOG
THE DRY CLEANER FROM DES MOINES,JONI MITCHELL,MINGUS
TURBULENT INDIGO,JONI MITCHELL,TURBULENT INDIGO
4 MY PEOPLE,MISSY ELLIOTT,MISS E SO ADDICTIVE
GET UR FREAK ON,MISSY ELLIOTT,MISS E SO ADDICTIVE
OLD SCHOOL JOINT,MISSY ELLIOTT,MISS E SO ADDICTIVE
ONE MINUTE MAN,MISSY ELLIOTT,MISS E SO ADDICTIVE
WHATCHA GON' DO,MISSY ELLIOTT,MISS E SO ADDICTIVE
PLAY THAT BEAT,MISSY ELLIOTT,UNDER CONSTRUCTION
WORK IT (REMIX),50 CENT,UNDER CONSTRUCTION
IRRESISTIBLE DELICIOUS,MISSY ELLIOTT,THE COOKBOOK
PARTYTIME,MISSY ELLIOTT,THE COOKBOOK
RIPCORD,RADIOHEAD,PABLO HONEY
HIGH AND DRY,RADIOHEAD,THE BENDS
JUST,RADIOHEAD,THE BENDS
FITTER HAPPIER,RADIOHEAD,OK COMPUTER
KARMA POLICE,RADIOHEAD,OK COMPUTER
LET DOWN,RADIOHEAD,OK COMPUTER
SUBTERRANEAN HOMESICK ALIEN,RADIOHEAD,OK COMPUTER
THE TOURIST,RADIOHEAD,OK COMPUTER
REMEMBER ME?,EMINEM,THE MARSHALL MATHERS LP
STAN,EMINEM,THE MARSHALL MATHERS LP
JUST LOSE IT,EMINEM,ENCORE
NO LOVE,EMINEM,RECOVERY
SEDUCTION,EMINEM,RECOVERY
TALKIN' 2 MYSELF,EMINEM,RECOVERY
IF I HAD,EMINEM,THE SLIM SHADY LP
MY NAME IS,EMINEM,THE SLIM SHADY LP
BEN ESCAPES,HOLLYWOOD STUDIO SYMPHONY,SKELETON KEY THE
HOODOO WOMAN,HOLLYWOOD STUDIO SYMPHONY,SKELETON KEY THE
IKO IKO,DIXIE CUPS,SKELETON KEY THE
SAVING BEN,HOLLYWOOD STUDIO SYMPHONY,SKELETON KEY THE
THANK YOU CHILD,HOLLYWOOD STUDIO SYMPHONY,SKELETON KEY THE
THE CONJURE ROOM,HOLLYWOOD STUDIO SYMPHONY,SKELETON KEY THE
THE SKELETON KEY (OPENING TITLES),HOLLYWOOD STUDIO SYMPHONY,SKELETON KEY THE
VIOLET'S STORY,HOLLYWOOD STUDIO SYMPHONY,SKELETON KEY THE
CHAPEL OF LOVE,DIXIE CUPS,HITS OF THE SIXTIES - TWO
SOMETHING SPECIAL,EARTH WIND & FIRE,POWERLIGHT
EVOLUTION ORANGE,EARTH WIND & FIRE,RAISE!
MY LOVE,EARTH WIND & FIRE,RAISE!
THIS IS HOW I FEEL,EARTH WIND & FIRE,ILLUMINATION
EVIL ROY,EARTH WIND & FIRE,TOUCH THE WORLD
NEW HORIZONS,EARTH WIND & FIRE,TOUCH THE WORLD
REASONS,EARTH WIND & FIRE,THE BEST OF EARTH
"""THE """"L"""" WORD""",EARTH WIND & FIRE,MILLENNIUM
COME AND GET THESE MEMORIES,VANDELLAS,GREATEST HITS
DANCING IN THE STREET,VANDELLAS,GREATEST HITS
IN MY LONELY ROOM,VANDELLAS,GREATEST HITS
JIMMY MACK,VANDELLAS,GREATEST HITS
LOVE (MAKES ME DO FOOLISH THIN,VANDELLAS,GREATEST HITS
LOVE IS LIKE A HEATWAVE,VANDELLAS,GREATEST HITS
MOTORING,VANDELLAS,GREATEST HITS
MY BABY LOVES ME,VANDELLAS,GREATEST HITS
MR. BROWNSTONE,GUNS N' ROSES,APPETITE FOR DESTRUCTION
SWEET CHILD O'MINE,GUNS N' ROSES,APPETITE FOR DESTRUCTION
THINK ABOUT YOU,GUNS N' ROSES,APPETITE FOR DESTRUCTION
BLACK LEATHER,GUNS N' ROSES,THE SPAGHETTI INCIDENT
DON'T CRY,GUNS N' ROSES,USE YOUR ILLUSION I
DUST N' BONES,GUNS N' ROSES,USE YOUR ILLUSION I
GARDEN OF EDEN,GUNS N' ROSES,USE YOUR ILLUSION I
PERFECT CRIME,GUNS N' ROSES,USE YOUR ILLUSION I
DON'T DO ME LIKE THAT,TOM PETTY,GREATEST HITS
LEARNING TO FLY,TOM PETTY,GREATEST HITS
LISTEN TO HER HEART,TOM PETTY,GREATEST HITS
TIME TO MOVE ON,TOM PETTY,WILDFLOWERS
TOO GOOD TO BE TRUE,TOM PETTY,INTO THE GREAT WIDE OPEN
I SHOULD HAVE KNOWN IT,TOM PETTY,MOJO
LOVER'S TOUCH,TOM PETTY,MOJO
LONESOME SUNDOWN,TOM PETTY,ECHO
DANGEROUS TONIGHT,ALICE COOPER,HEY STOOPID
BE MY LOVER,ALICE COOPER,THE BEAST OF ALICE COOPER
BILLION DOLLAR BABIES,ALICE COOPER,THE BEAST OF ALICE COOPER
NO MORE MR NICE GUY,ALICE COOPER,THE BEAST OF ALICE COOPER
ONLY WOMEN BLEED,ALICE COOPER,THE BEAST OF ALICE COOPER
CHOP CHOP CHOP,ALICE COOPER,RAISE YOUR FIST AND YELL
SIMPLE DISOBEDIENCE,ALICE COOPER,CONSTRICTOR
TEENAGE FRANKENSTEIN,ALICE COOPER,CONSTRICTOR
CRY BABY,JANIS JOPLIN,THE VERY BEST OF JANIS JOPLIN
DOWN ON ME,JANIS JOPLIN,THE VERY BEST OF JANIS JOPLIN
GET IT WHILE YOU CAN,JANIS JOPLIN,THE VERY BEST OF JANIS JOPLIN
KOZMIC BLUES,JANIS JOPLIN,THE VERY BEST OF JANIS JOPLIN
MARY JANE,JANIS JOPLIN,THE VERY BEST OF JANIS JOPLIN
MOVE OVER,JANIS JOPLIN,THE VERY BEST OF JANIS JOPLIN
PIECE OF MY HEART,JANIS JOPLIN,THE VERY BEST OF JANIS JOPLIN
TRY (JUST A LITTLE BIT HARDER),JANIS JOPLIN,THE VERY BEST OF JANIS JOPLIN
BABY I LOVE YOU,RONETTES,THE BEST OF THE RONETTES
BE MY BABY,RONETTES,THE BEST OF THE RONETTES
BORN TO BE TOGETHER,RONETTES,THE BEST OF THE RONETTES
DO I LOVE YOU?,RONETTES,THE BEST OF THE RONETTES
EVERYTHING UNDER THE SUN,RONETTES,THE BEST OF THE RONETTES
HOW DOES IT FEEL?,RONETTES,THE BEST OF THE RONETTES
IS THIS WHAT I GET FOR LOVING YOU,RONETTES,THE BEST OF THE RONETTES
WALKING IN THE RAIN,RONETTES,THE BEST OF THE RONETTES
RAMBLIN' ROSE,NAT COLE,REMEMBER...1962
WHEN MY LITTLE GIRL IS SMILING,DRIFTERS,REMEMBER...1962
DON'T LEAVE ME THIS WAY,NO ARTIST,100 ALL TIME CLASSIC DANCE HIT
YOU'RE MORE THAN A NUMBER IN M,DRIFTERS,100 ALL TIME CLASSIC DANCE HIT
ABSOLUTE BEGINNERS,JAM,THE JAM GREATEST HITS
BEAT SURRENDER,JAM,THE JAM GREATEST HITS
DOWN IN THE TUBE STATION AT MI,JAM,THE JAM GREATEST HITS
FUNERAL PYRE,JAM,THE JAM GREATEST HITS
IN THE CITY,JAM,THE JAM GREATEST HITS
PRECIOUS,JAM,THE JAM GREATEST HITS
THE MODERN WORLD,JAM,THE JAM GREATEST HITS
TOWN CALLED MALICE,JAM,THE JAM GREATEST HITS
CRYSTAL BLUE PERSUASION,MORCHEEBA,WALK ON THE MOON A
TODAY,JEFFERSON AIRPLANE,WALK ON THE MOON A
WISHIN' AND HOPIN',SPRINGFIELD DUSTY,WALK ON THE MOON A
EBB TIDE,RIGHTEOUS BROTHERS,REUNION
HUNG ON YOU,RIGHTEOUS BROTHERS,REUNION
JUST ONCE IN MY LIFE,RIGHTEOUS BROTHERS,REUNION
MY BABE,RIGHTEOUS BROTHERS,REUNION
ROCK & ROLL HEAVEN,RIGHTEOUS BROTHERS,REUNION
UNCHAINED MELODY,RIGHTEOUS BROTHERS,REUNION
UNCHAINED MELODY-TIMELESS LOVE EXTENDED,RIGHTEOUS BROTHERS,REUNION
YOU'VE LOST THAT LOVIN' FEELIN,RIGHTEOUS BROTHERS,REUNION
HONEST I DO,TINA TURNER,LOVE SESSIONS
I'M A MOTHERLESS CHILD,TINA TURNER,LOVE SESSIONS
MEAN OLD WORLD,TINA TURNER,LOVE SESSIONS
NEVER BEEN TO SPAIN,TINA TURNER,LOVE SESSIONS
BACK WHERE YOU STARTED,TINA TURNER,BREAK EVERY RULE
DO WHAT YOU DO,TINA TURNER,WILDEST DREAMS
SOMETHING BEAUTIFUL REMAINS,TINA TURNER,WILDEST DREAMS
I WANT YOU NEAR ME,TINA TURNER,SIMPLY THE BEST
BAD GIRL,NEW YORK DOLLS,NEW YORK DOLLS
FRANKENSTEIN (ORIGINAL VERSION),NEW YORK DOLLS,NEW YORK DOLLS
LOOKING FOR A KISS,NEW YORK DOLLS,NEW YORK DOLLS
PERSONALITY CRISIS,NEW YORK DOLLS,NEW YORK DOLLS
PRIVATE WORLD,NEW YORK DOLLS,NEW YORK DOLLS
SUBWAY TRAIN,NEW YORK DOLLS,NEW YORK DOLLS
TRASH,NEW YORK DOLLS,NEW YORK DOLLS
VIETNAMESE BABY,NEW YORK DOLLS,NEW YORK DOLLS
THIRD DEGREE,ERIC CLAPTON,FROM THE CRADLE
LAST WILL AND TESTAMENT,ERIC CLAPTON,THE ROAD TO ESCONDIDO
GOING DOWN SLOW,ERIC CLAPTON,PILGRIM
KNOCK ON WOOD,ERIC CLAPTON,BEHIND THE SUN
ONE TRACK MIND,ERIC CLAPTON,BACK HOME
RUN HOME TO ME,ERIC CLAPTON,BACK HOME
LITTLE QUEEN OF SPADES,ERIC CLAPTON,ME AND MR JOHNSON
THEY RE RED HOT,ERIC CLAPTON,ME AND MR JOHNSON
BEFORE TIME BEGAN,DEEP PURPLE,RAPTURE OF THE DEEP
GIRLS LIKE THAT,DEEP PURPLE,RAPTURE OF THE DEEP
HOLY MAN,DEEP PURPLE,STORMBRINGER
LADY DOUBLE DEALER,DEEP PURPLE,STORMBRINGER
LAY DOWN STAY DOWN,DEEP PURPLE,ANTHOLOGY
SPEED KING,DEEP PURPLE,ANTHOLOGY
YOU KEEP ON MOVIN',DEEP PURPLE,ANTHOLOGY
PAINTED HORSE (STUDIO OUT-TAKE),DEEP PURPLE,WHO DO WE THINK WE ARE
LOVE IS THE ANSWER,WEEZER,RADITUDE
TRIPPIN' DOWN THE FREEWAY,WEEZER,RADITUDE
EVERYBODY GET DANGEROUS,WEEZER,RED ALBUM
TROUBLEMAKER,WEEZER,RED ALBUM
MY BEST FRIEND,WEEZER,MAKE BELIEVE
PEACE,WEEZER,MAKE BELIEVE
PERFECT SITUATION,WEEZER,MAKE BELIEVE
THIS IS SUCH A PITY,WEEZER,MAKE BELIEVE
BORN TO RUN,BRUCE SPRINGSTEEN,GREATEST HITS
SECRET GARDEN,BRUCE SPRINGSTEEN,GREATEST HITS
SURPRISE SURPRISE,BRUCE SPRINGSTEEN,WORKING ON A DREAM
LIVIN' IN THE FUTURE,BRUCE SPRINGSTEEN,MAGIC
MAGIC,BRUCE SPRINGSTEEN,MAGIC
LONG TIME COMIN',BRUCE SPRINGSTEEN,DEVILS & DUST
EMPTY SKY,BRUCE SPRINGSTEEN,THE RISING
WAITIN' ON A SUNNY DAY,BRUCE SPRINGSTEEN,THE RISING
RISE SHINE AND GIVE GOD THE GLORY,DIONNE WARWICK,WHY WE SING
SHOW ME THE WAY,DIONNE WARWICK,WHY WE SING
DEJA VU,DIONNE WARWICK,GREATEST HITS 1979-1990
HEARTBREAKER,DIONNE WARWICK,GREATEST HITS 1979-1990
I'LL NEVER LOVE THIS WAY AGAIN,DIONNE WARWICK,GREATEST HITS 1979-1990
IT MAKES NO DIFFERENCE,DIONNE WARWICK,HEARTBREAKER
YOU ARE MY LOVE,DIONNE WARWICK,HEARTBREAKER
TWO SHIPS PASSING IN THE NIGHT,DIONNE WARWICK,HOW MANY TIMES CAN WE SAY GOOD
'TAIN'T NOBODY'S BUSINESS IF I DO,SAM COOKE,FOR SENTIMENTAL REASONS
FOR SENTIMENTAL REASONS,SAM COOKE,FOR SENTIMENTAL REASONS
LET'S GO STEADY AGAIN,SAM COOKE,FOR SENTIMENTAL REASONS
SO LONG,SAM COOKE,FOR SENTIMENTAL REASONS
CHAIN GANG,SAM COOKE,WONDERFUL WORLD
HAVING A PARTY,SAM COOKE,WONDERFUL WORLD
ONLY SIXTEEN,SAM COOKE,WONDERFUL WORLD
SAD MOON,SAM COOKE,WONDERFUL WORLD
GOODBYE YELLOW BRICK ROAD,ELTON JOHN,THE VERY BEST OF ELTON JOHN
KISS THE BRIDE,ELTON JOHN,THE VERY BEST OF ELTON JOHN
PHILADELPHIA FREEDOM,ELTON JOHN,THE VERY BEST OF ELTON JOHN
CANDY BY THE POUND,ELTON JOHN,ICE ON FIRE
SATELLITE,ELTON JOHN,ICE ON FIRE
FASCIST FACES,ELTON JOHN,THE FOX
RETURN TO PARADISE,ELTON JOHN,A SINGLE MAN
SHOOTING STAR,ELTON JOHN,A SINGLE MAN
ROCK 'N' ROLL STAR,OASIS,DEFINITELY MAYBE
SUPERSONIC,OASIS,DEFINITELY MAYBE
UP IN THE SKY,OASIS,DEFINITELY MAYBE
FADE IN-OUT,OASIS,BE HERE NOW
STAND BY ME,OASIS,BE HERE NOW
FADE AWAY,OASIS,THE MASTERPLAN
STAY YOUNG,OASIS,THE MASTERPLAN
SHE'S ELECTRIC,OASIS,WHAT'S THE STORY MORNING GLORY
JUST CAN'T GET ENOUGH,DEPECHE MODE,THE SINGLES 81-85
FRAGILE TENSION,DEPECHE MODE,SOUNDS OF THE UNIVERSE
IN CHAINS,DEPECHE MODE,SOUNDS OF THE UNIVERSE
NEVER LET ME DOWN AGAIN (AGGRO MIX),DEPECHE MODE,MUSIC FOR THE MASSES
PLEASURE LITTLE TREASURE (GLITTER MIX),DEPECHE MODE,MUSIC FOR THE MASSES
ICE MACHINE,DEPECHE MODE,SPEAK & SPELL
NOTHING TO FEAR,DEPECHE MODE,A BROKEN FRAME
WHEN THE BODY SPEAKS,DEPECHE MODE,EXCITER
BRAND NEW CADILLAC,CLASH,LONDON CALLING
HATEFUL,CLASH,LONDON CALLING
LONDON CALLING,CLASH,LONDON CALLING
REVOLUTION ROCK,CLASH,LONDON CALLING
SAFE EUROPEAN HOME,CLASH,THE STORY OF THE CLASH VOLUME 1
CHEAPSKATES,CLASH,GIVE 'EM ENOUGH ROPE
GUNS ON THE ROOF,CLASH,GIVE 'EM ENOUGH ROPE
THE CROOKED BEAT,CLASH,SANDINISTA!
DON'T STOP,FLEETWOOD MAC,GREATEST HITS
I LOVED ANOTHER WOMAN,FLEETWOOD MAC,THE COLLECTION
LAZY POKER BLUES,FLEETWOOD MAC,THE COLLECTION
LOVE THAT BURNS,FLEETWOOD MAC,THE COLLECTION
SOMEONE'S GONNA GET THEIR HEAD,FLEETWOOD MAC,THE COLLECTION
HOLLYWOOD (SOME OTHER KIND OF TOWN),FLEETWOOD MAC,TIME
FREEDOM,FLEETWOOD MAC,BEHIND THE MASK
LOVE IS DANGEROUS,FLEETWOOD MAC,BEHIND THE MASK
COME HOME BABY,WILSON PICKETT,A MAN AND A HALF
FIRE AND WATER,WILSON PICKETT,A MAN AND A HALF
FUNKY BROADWAY,WILSON PICKETT,A MAN AND A HALF
YOU CAN'T STAND ALONE,WILSON PICKETT,A MAN AND A HALF
YOUR LOVE HAS BROUGHT ME A MIGHTY LONG WAY,WILSON PICKETT,A MAN AND A HALF
ALL ABOUT SEX,WILSON PICKETT,IT'S HARDER NOW
IT AIN'T EASY,WILSON PICKETT,IT'S HARDER NOW
TAXI LOVE,WILSON PICKETT,IT'S HARDER NOW
FIDO,BYRDS,BALLAD OF EASY RIDER
JESUS IS JUST ALRIGHT,BYRDS,BALLAD OF EASY RIDER
OIL IN MY LAMP,BYRDS,BALLAD OF EASY RIDER
THERE MUST BE SOMEONE,BYRDS,BALLAD OF EASY RIDER
ALL I REALLY WANT TO DO,BYRDS,GREATEST HITS
CHIMES OF FREEDOM,BYRDS,GREATEST HITS
FEEL A WHOLE LOT BETTER,BYRDS,GREATEST HITS
MR TAMBOURINE MAN,BYRDS,GREATEST HITS
DO YOU KNOW WHERE YOU'RE GOING TO,DIANA ROSS,MOTOWN'S GREATEST HITS
I'M STILL WAITING,DIANA ROSS,MOTOWN'S GREATEST HITS
REFLECTIONS,DIANA ROSS,MOTOWN'S GREATEST HITS
STOP IN THE NAME OF LOVE,DIANA ROSS,MOTOWN'S GREATEST HITS
TOUCH ME IN THE MORNING,DIANA ROSS,MOTOWN'S GREATEST HITS
WHERE DID OUR LOVE GO,DIANA ROSS,MOTOWN'S GREATEST HITS
YOU KEEP ME HANGIN' ON,DIANA ROSS,MOTOWN'S GREATEST HITS
HELP YOURSELF,AMY WINEHOUSE,FRANK
I HEARD LOVE IS BLIND/TEO LICKS,AMY WINEHOUSE,FRANK
IN MY BED,AMY WINEHOUSE,FRANK
INTRO/STRONGER THAN ME,AMY WINEHOUSE,FRANK
WHAT IT IS ABOUT MEN,AMY WINEHOUSE,FRANK
JUST FRIEND,AMY WINEHOUSE,BACK TO BLACK
ME & MR JONES,AMY WINEHOUSE,BACK TO BLACK
TEARS DRY ON THEIR OWN,AMY WINEHOUSE,BACK TO BLACK
TAXMAN,BEATLES,REVOLVER
COME TOGETHER,BEATLES,ABBEY ROAD
SHE CAME IN THROUGH THE BATHROOM WINDOW,BEATLES,ABBEY ROAD
HELLO GOODBYE,BEATLES,MAGICAL MYSTERY TOUR
THE FOOL ON THE HILL,BEATLES,MAGICAL MYSTERY TOUR
DIG A PONY,BEATLES,LET IT BE
HEY BULLDOG,BEATLES,YELLOW SUBMARINE
GETTING BETTER,BEATLES,SGT.PEPPER'S LONELY HEARTS CLUB BAND
DANCE LITTLE SISTER,ROLLING STONES,IT'S ONLY ROCK'N ROLL
FINGERPRINT FILE,ROLLING STONES,IT'S ONLY ROCK'N ROLL
TILL THE NEXT GOODBYE,ROLLING STONES,IT'S ONLY ROCK'N ROLL
19TH NERVOUS BREAKDOWN,ROLLING STONES,FORTY LICKS
SHE'S A RAINBOW,ROLLING STONES,FORTY LICKS
STEALING MY HEART,ROLLING STONES,FORTY LICKS
UNDERCOVER OF THE NIGHT,ROLLING STONES,FORTY LICKS
COME AS YOU ARE,NIRVANA,NEVERMIND
LITHIUM,NIRVANA,NEVERMIND
STAY AWAY,NIRVANA,NEVERMIND
PENNYROYAL TEA,NIRVANA,IN UTERO
RADIO FRIENDLY UNIT SHIFTER,NIRVANA,IN UTERO
SCENTLESS APPRENTICE,NIRVANA,IN UTERO
BEESWAX,NIRVANA,INCESTICIDE
BIG LONG NOW,NIRVANA,INCESTICIDE
FOR TAKING THE TROUBLE,JACKSON BROWNE,THE NAKED RIDE HOME
MY STUNNING MYSTERY COMPANION,JACKSON BROWNE,THE NAKED RIDE HOME
CULVER MOON,JACKSON BROWNE,LOOKING EAST
INFORMATION WARS,JACKSON BROWNE,LOOKING EAST
IT IS ONE,JACKSON BROWNE,LOOKING EAST
FARTHER ON,JACKSON BROWNE,LATE FOR THE SKY
FOUNTAIN OF SORROW,JACKSON BROWNE,LATE FOR THE SKY
LATE FOR THE SKY,JACKSON BROWNE,LATE FOR THE SKY
AIN'T THAT A SHAME,DOMINO FATS,BLUEBERRY HILL
BLUEBERRY HILL,DOMINO FATS,BLUEBERRY HILL
HEART BREAK HILL,DOMINO FATS,BLUEBERRY HILL
KANSAS CITY,DOMINO FATS,BLUEBERRY HILL
LET THE FOUR WINDS BLOW,DOMINO FATS,BLUEBERRY HILL
SO LONG,DOMINO FATS,BLUEBERRY HILL
HOT PANTS (PT.1),JAMES BROWN,STAR TIME DISC 3 - SOUL BROTHER NO. 1
KING HEROIN,JAMES BROWN,STAR TIME DISC 3 - SOUL BROTHER NO. 1
MONEY WON'T CHANGE YOU,JAMES BROWN,STAR TIME DISC 2 - THE HARDEST WORKING MAN IN SHOW
PAPA'S GOT A BRAND NEW BAG (PT.1),JAMES BROWN,STAR TIME DISC 2 - THE HARDEST WORKING MAN IN SHOW
PRISONER OF LOVE,JAMES BROWN,STAR TIME DISC 1 - MR. DYNAMITE
TELL ME WHAT I DID WRONG,JAMES BROWN,STAR TIME DISC 1 - MR. DYNAMITE
WHY DO YOU DO ME,JAMES BROWN,STAR TIME DISC 1 - MR. DYNAMITE
ANN ROSIE,CHUBBY CHECKER,CHUBBY CHECKER
LET'S DO THE FREDDIE,CHUBBY CHECKER,CHUBBY CHECKER
LET'S LIMBO SOME MORE,CHUBBY CHECKER,CHUBBY CHECKER
LET'S TWIST AGAIN,CHUBBY CHECKER,CHUBBY CHECKER
POPEYE THE HITCHIKER,CHUBBY CHECKER,CHUBBY CHECKER
THE FLY,CHUBBY CHECKER,CHUBBY CHECKER
THE HUCKLEBUCK,CHUBBY CHECKER,CHUBBY CHECKER
TWIST IT UP,CHUBBY CHECKER,CHUBBY CHECKER
IGNORANCE IS BLISS,RAMONES,BRAIN DRAIN
ZERO ZERO UFO,RAMONES,BRAIN DRAIN
APEMAN HOP,RAMONES,ANIMAL BOY
LOVE KILLS,RAMONES,ANIMAL BOY
SOMEBODY PUT SOMETHING IN MY DRINK,RAMONES,ANIMAL BOY
WE'RE A HAPPY FAMILY,RAMONES,ROCKET TO RUSSIA
LET'S GO,RAMONES,END OF THE CENTURY
JOURNEY TO THE CENTER OF THE MIND,RAMONES,ACID EATERS
BORN TO BE WILD,STEPPENWOLF,EASY RIDER
THE PUSHER,STEPPENWOLF,EASY RIDER
GOD KNOWS I'M GOOD,DAVID BOWIE,SPACE ODDITY
PORT OF AMSTERDAM,DAVID BOWIE,PIN UPS
SHAPES OF THINGS,DAVID BOWIE,PIN UPS
D.J.,DAVID BOWIE,THE SINGLES COLLECTION
DAY IN DAY OUT,DAVID BOWIE,THE SINGLES COLLECTION
BLACK COUNTRY ROCK,DAVID BOWIE,THE MAN WHO SOLD THE WORLD
HALLUCINATION,TREVOR JONES,LABYRINTH - DOVE TUTTO E' POSSIBILE
INTO THE LABYRINTH,TREVOR JONES,LABYRINTH - DOVE TUTTO E' POSSIBILE
LABYRINTH (OPENING TITLES INCLUDING UNDERGROUND),TREVOR JONES,LABYRINTH - DOVE TUTTO E' POSSIBILE
SARAH,TREVOR JONES,LABYRINTH - DOVE TUTTO E' POSSIBILE
THE GOBLIN BATTLE,TREVOR JONES,LABYRINTH - DOVE TUTTO E' POSSIBILE
THIRTEEN O'CLOCK,TREVOR JONES,LABYRINTH - DOVE TUTTO E' POSSIBILE
WITHIN YOU,DAVID BOWIE,LABYRINTH - DOVE TUTTO E' POSSIBILE
WITHOUT YOU,DAVID BOWIE,LET'S DANCE
CORPUS CHRISTI CAROL (FOR ROY),JEFF BUCKLEY,GRACE
LOVER YOU SHOULD'VE COME OVER,JEFF BUCKLEY,GRACE
MOJO PIN,JEFF BUCKLEY,GRACE
DEMON JOHN,JEFF BUCKLEY,SKETCHES FOR MY SWEETHEART THE DRUNK
GUNSHOT GLITTER,JEFF BUCKLEY,SKETCHES FOR MY SWEETHEART THE DRUNK
HAVEN'T YOU HEARD,JEFF BUCKLEY,SKETCHES FOR MY SWEETHEART THE DRUNK
VANCOUVER,JEFF BUCKLEY,SKETCHES FOR MY SWEETHEART THE DRUNK
WITCHES' RAVE,JEFF BUCKLEY,SKETCHES FOR MY SWEETHEART THE DRUNK
BRAIN OF J.,PEARL JAM,YIELD
GODS' DICE,PEARL JAM,BINAURAL
LIGHT YEARS,PEARL JAM,BINAURAL
PARTING WAYS,PEARL JAM,BINAURAL
GONNA SEE MY FRIEND,PEARL JAM,BACK SPACER
BLACK,PEARL JAM,TEN
PORCH,PEARL JAM,TEN
NOTHINGMAN,PEARL JAM,VITALOGY
DO YOU WANNA DANCE,JOHN LENNON,LENNON 3
I SAW HER STANDING THERE,JOHN LENNON,LENNON 3
LUCY IN THE SKY WITH DIAMONDS,JOHN LENNON,LENNON 3
WHATEVER GETS YOU THRU THE NIGHT,JOHN LENNON,LENNON 3
HOW,JOHN LENNON,IMAGINE
JOHN SINCLAIR,JOHN LENNON,LENNON 2
WOMAN IS THE NIGGER OF THE WORLD,JOHN LENNON,LENNON 2
I FOUND OUT,JOHN LENNON,LENNON 1
CHARITY CASE,GNARLS BARKLEY,THE ODD COUPLE
RUN (I'M A NATURAL DISASTER),GNARLS BARKLEY,THE ODD COUPLE
SURPRISE,GNARLS BARKLEY,THE ODD COUPLE
WOULD BE KILLER,GNARLS BARKLEY,THE ODD COUPLE
CRAZY,GNARLS BARKLEY,ST. ELSEWHERE
GONE DADDY GONE,GNARLS BARKLEY,ST. ELSEWHERE
STORM COMING,GNARLS BARKLEY,ST. ELSEWHERE
WHO CARES?,GNARLS BARKLEY,ST. ELSEWHERE
IS YOUR GOD A DOG,PUBLIC ENEMY,HE GOT GAME
UNSTOPPABLE,PUBLIC ENEMY,HE GOT GAME
WHAT YOU NEED IS JESUS,PUBLIC ENEMY,HE GOT GAME
MAKE IT HARDCORE,PUBLIC ENEMY,REBIRTH OF A NATION
REBIRTH OF A NATION,PUBLIC ENEMY,REBIRTH OF A NATION
RISE,PUBLIC ENEMY,REBIRTH OF A NATION
PARTY FOR YOUR RIGHT TO FIGHT (BLAK WAX METROMIXX),PUBLIC ENEMY,GREATEST MISSES
CRASH,PUBLIC ENEMY,THERE'S A POISON GOIN ON...
GREEN ONIONS,BOOKER T.& THE MG'S,GET SHORTY
WHITE LIGHT/WHITE HEAT,VELVET UNDERGROUND,WHITE LIGHT/WHITE HEAT
ALL TOMORROW'S PARTIES,VELVET UNDERGROUND,THE VELVET UNDERGROUND & NICO
FEMME FATALE,VELVET UNDERGROUND,THE VELVET UNDERGROUND & NICO
I'LL BE YOUR MIRROR,VELVET UNDERGROUND,THE VELVET UNDERGROUND & NICO
RUN RUN RUN,VELVET UNDERGROUND,THE VELVET UNDERGROUND & NICO
SUNDAY MORNING,VELVET UNDERGROUND,THE VELVET UNDERGROUND & NICO
THE BLACK ANGEL'S DEATH SONG,VELVET UNDERGROUND,THE VELVET UNDERGROUND & NICO
RIDE INTO THE SUN,VELVET UNDERGROUND,ANOTHER VIEW
HOLLYWOOD,BEYONCE,KINGDOM COME
KINGDOM COME,JAY Z,KINGDOM COME
THE PRELUDE,JAY Z,KINGDOM COME
AMERICAN GANGSTER,JAY Z,AMERICAN GANGSTER
HARD KNOCK LIFE (GHETTO ANTHEM),JAY Z,VOL 2: HARD KNOCK LIFE
WATCH ME,JAY Z,VOL 3... LIFE AND TIMES OF S CARTER
SONG CRY,JAY Z,THE BLUEPRINT
U DON'T KNOW,JAY Z,THE BLUEPRINT
ALREADY HOME,JAY Z,THE BLUEPRINT 3
HATE,KANYE WEST,THE BLUEPRINT 3
ARTIFICIAL FLOWERS,BOBBY DARIN,THE BOBBY DARIN STORY
BILL BAILEY WON'T YOU PLEASE COME HOME?,BOBBY DARIN,THE BOBBY DARIN STORY
CLEMENTINE,BOBBY DARIN,THE BOBBY DARIN STORY
DREAM LOVER,BOBBY DARIN,THE BOBBY DARIN STORY
MACK THE KNIFE,BOBBY DARIN,THE BOBBY DARIN STORY
PLAIN JANE,BOBBY DARIN,THE BOBBY DARIN STORY
QUEEN OF THE HOP,BOBBY DARIN,THE BOBBY DARIN STORY
SPLISH SPLASH,BOBBY DARIN,THE BOBBY DARIN STORY
COUNTRY WOMAN,BEE GEES,A HISTORY IN SONG 1967-1990
JUMBO,BEE GEES,A HISTORY IN SONG 1967-1990
MORNING OF MY LIFE,BEE GEES,A HISTORY IN SONG 1967-1990
SIR GEOFFREY SAVED THE WORLD,BEE GEES,A HISTORY IN SONG 1967-1990
TOO MUCH HEAVEN,BEE GEES,A HISTORY IN SONG 1967-1990
YOU SHOULD BE DANCING (LONG REMIX VERSION),BEE GEES,A HISTORY IN SONG 1967-1990
HOW TO FALL IN LOVE (PT. 1),BEE GEES,SIZE ISN'T EVERYTHING
I HAVE DECIDED TO JOIN THE AIRFORCE,BEE GEES,IDEA
ASK THE LONELY,FOUR TOPS,FOUR TOPS
BERNARDETTE,FOUR TOPS,FOUR TOPS
IF I WERE A CARPENTER,FOUR TOPS,FOUR TOPS
JUST SEVEN NUMBERS (CAN STRAIGHTEN OUT MY LIFE),FOUR TOPS,FOUR TOPS
REACH OUT I'LL BE THERE,FOUR TOPS,FOUR TOPS
SOMETHING ABOUT YOU,FOUR TOPS,FOUR TOPS
STANDING IN THE SHADOWS OF LOVE,FOUR TOPS,FOUR TOPS
YESTERDAY'S DREAMS,FOUR TOPS,FOUR TOPS
IN THE STILL OF THE NIGHT,FIVE SATINS,DIRTY DANCING (BALLI PROIBITI)
OUR BRIGHT FUTURE,TRACY CHAPMAN,OUR BRIGHT FUTURE
SING FOR YOU,TRACY CHAPMAN,OUR BRIGHT FUTURE
SPRING,TRACY CHAPMAN,OUR BRIGHT FUTURE
SUBCITY,TRACY CHAPMAN,CROSSROADS
NEW BEGINNING,TRACY CHAPMAN,NEW BEGINNING
DREAMING ON A WORLD,TRACY CHAPMAN,MATTERS OF THE HEART
BROKEN,TRACY CHAPMAN,LET IT RAIN
IN THE DARK,TRACY CHAPMAN,LET IT RAIN
LOOK A LITTLE ON THE SUNNYSIDE,KINKS,EVERYBODY'S IN SHOWBIZ
UNREAL REALITY,KINKS,EVERYBODY'S IN SHOWBIZ
TOO MUCH ON MY MIND,KINKS,FACE TO FACE
GET BACK IN LINE,KINKS,THE KINK KRONIKLES
BABIES,KINKS,PHOBIA
CLOSE TO THE WIRE,KINKS,PHOBIA
IT'S ALRIGHT (DON'T THINK ABOUT IT),KINKS,PHOBIA
PHOBIA,KINKS,PHOBIA
DIME STORE MISTERY,LOU REED,NEW YORK
GOOD EVENING MR. WALDHEIM,LOU REED,NEW YORK
HIGH IN THE CITY,LOU REED,NEW SENSATIONS
TURN TO ME,LOU REED,NEW SENSATIONS
GOODBY MASS - IN A CHAPEL BODILY TERMINATION,LOU REED,MAGIC AND LOSS
MAGIC AND LOSS - THE SUMMATION,LOU REED,MAGIC AND LOSS
BATON ROUGE,LOU REED,ECSTASY
MYSTIC CHILD,LOU REED,ECSTASY
MUSTANG INSTRUMENTAL,PRINCE,THE BEAUTIFUL EXPERIENCE
ALPHABET STREET,PRINCE,THE HITS/THE B-SIDES
CONTROVERSY,PRINCE,THE HITS/THE B-SIDES
CREAM,PRINCE,THE HITS/THE B-SIDES
DIRTY MIND,PRINCE,THE HITS/THE B-SIDES
LA LA LA HE HE HEE,PRINCE,THE HITS/THE B-SIDES
UPTOWN,PRINCE,THE HITS/THE B-SIDES
21 QUESTIONS,50 CENT,GET RICH OR DIE TRYIN'
IF I CAN'T,50 CENT,GET RICH OR DIE TRYIN'
U NOT LIKE ME,50 CENT,GET RICH OR DIE TRYIN'
DISCO INFERNO,50 CENT,THE MASSACRE
I DON'T NEED EM,50 CENT,THE MASSACRE
PIGGY BANK,50 CENT,THE MASSACRE
POSITION OF POWER,50 CENT,THE MASSACRE
MAKE LOVE,DAFT PUNK,HUMAN AFTER ALL
DAFTENDIREKT,DAFT PUNK,HOMEWORK
FRESH,DAFT PUNK,HOMEWORK
CRESCENDOLLS (LAIDBACK LUKE REMIX),DAFT PUNK,DAFT CLUB
FACE TO FACE (DEMON REMIX),DAFT PUNK,DAFT CLUB
HARDER BETTER FASTER STRONGER (THE NEPTUNES REMIX),DAFT PUNK,DAFT CLUB
FACE TO FACE,DAFT PUNK,DISCOVERY
VERIDIS QUO,DAFT PUNK,DISCOVERY
CRAWLING KING SNAKE,DOORS,L.A. WOMAN
INDIAN SUMMER,DOORS,MORRISON HOTEL
LAND HO!,DOORS,MORRISON HOTEL
FIVE TO ONE,DOORS,WAITING FOR THE SUN
LOVE STREET,DOORS,WAITING FOR THE SUN
TELL ALL THE PEOPLE,DOORS,THE SOFT PARADE
TOUCH ME,DOORS,THE SOFT PARADE
EAT STARCH MOM,JEFFERSON AIRPLANE,2400 FULTON STREET - THE CD COLLECTION
GOOD SHEPHERD,JEFFERSON AIRPLANE,2400 FULTON STREET - THE CD COLLECTION
GREASY HEART,JEFFERSON AIRPLANE,2400 FULTON STREET - THE CD COLLECTION
HAVE YOU SEEN THE SAUCERS,JEFFERSON AIRPLANE,2400 FULTON STREET - THE CD COLLECTION
MEXICO,JEFFERSON AIRPLANE,2400 FULTON STREET - THE CD COLLECTION
WILD TYME,JEFFERSON AIRPLANE,2400 FULTON STREET - THE CD COLLECTION
WOODEN SHIPS,JEFFERSON AIRPLANE,2400 FULTON STREET - THE CD COLLECTION
NO LOVE WITHOUT CHANGES,JERRY BUTLER,SOUL SEARCHIN'
PLEASE SEND ME SOMEONE TO LOVE,NO ARTIST,SOUL SEARCHIN'
SIMPLY BEAUTIFUL,JERRY BUTLER,SOUL SEARCHIN'
RAPPER'S DELIGHT,SUGARHILL GANG,HOUSE ON FIRE VOL. 3
NEVER TOO LATE,KYLE MINOGUE,TOP POP 90
I FEEL FREE,CREAM,THE VERY BEST OF CREAM
N.S.U.,CREAM,THE VERY BEST OF CREAM
SPOONFUL,CREAM,THE VERY BEST OF CREAM
STRANGE BREW,CREAM,THE VERY BEST OF CREAM
SWLABR,CREAM,THE VERY BEST OF CREAM
WE'RE GOING WRONG,CREAM,THE VERY BEST OF CREAM
WRAPPING PAPER,CREAM,THE VERY BEST OF CREAM
BLACK MAGIC WOMAN,SANTANA,THE GOLDEN ERA OF POP MUSIC  VOLUME 3
EVERLASTING LOVE,LOVE AFFAIR,THE GOLDEN ERA OF POP MUSIC  VOLUME 3
ROLL AWAY THE STONE,MOTT THE HOOPLE,THE GOLDEN ERA OF POP MUSIC  VOLUME 3
ALL THE YOUNG DUDES,MOTT THE HOOPLE,THE GOLDEN ERA POP MUSIC VOL I
SAMBA PA TI,SANTANA,THE GOLDEN ERA POP MUSIC VOL I
POLITIK,COLDPLAY,A RUSH OF BLOOD TO THE HEAD
SWALLOWED IN THE SEA,COLDPLAY,X&Y
THE HARDEST PART,COLDPLAY,X&Y
WHITE SHADOWS,COLDPLAY,X&Y
LOST!,COLDPLAY,VIVA LA VIDA OR DEATH AND ALL HIS FRIENDS
VIOLET HILL,COLDPLAY,VIVA LA VIDA OR DEATH AND ALL HIS FRIENDS
YES,COLDPLAY,VIVA LA VIDA OR DEATH AND ALL HIS FRIENDS
HIGH SPEED,COLDPLAY,PARACHUTES
AM I THE MAN,JACKIE WILSON,REET PETITE
I KNOW I'LL ALWAYS BE IN LOVE,JACKIE WILSON,REET PETITE
I'LL BE SATISFIED,JACKIE WILSON,REET PETITE
REET PETITE,JACKIE WILSON,REET PETITE
SO MUCH,JACKIE WILSON,REET PETITE
TALK THAT TALK,JACKIE WILSON,REET PETITE
TO BE LOVED,JACKIE WILSON,REET PETITE
I'M CRYING,ANIMALS,GREATEST HITS
I'M MAD AGAIN,ANIMALS,GREATEST HITS
ROAD RUNNER,ANIMALS,GREATEST HITS
STORY OF BO DIDDLEY,ANIMALS,GREATEST HITS
CRYSTAL NIGHTS,ANIMALS,ARK
HARD TIMES,ANIMALS,ARK
LOOSE CHANGE,ANIMALS,ARK
DANCING QUEEN,ABBA,THE ABBA STORY
KNOWING ME KNOWING YOU,ABBA,THE ABBA STORY
S.O.S.,ABBA,THE ABBA STORY
LOVELIGHT,ABBA,MORE ABBA GOLD MORE ABBA HITS
SO LONG,ABBA,MORE ABBA GOLD MORE ABBA HITS
UNDER ATTACK,ABBA,MORE ABBA GOLD MORE ABBA HITS
ARRIVAL,ABBA,THE COLLECTION
DANCE (WHILE THE MUSIC STILL GOES ON),ABBA,THE COLLECTION
TIGHTEN UP,ARCHIE BELL,TALK TO ME
25TH FLOOR,PATTI SMITH,EASTER
GHOST DANCE,PATTI SMITH,EASTER
SPACE MONKEY,PATTI SMITH,EASTER
TILL VICTORY,PATTI SMITH,EASTER
SEVEN WAYS OF GOING,PATTI SMITH,WAVE
WAVE,PATTI SMITH,WAVE
DISTANT FINGERS,PATTI SMITH,RADIO ETHIOPIA
PISSING IN A RIVER,PATTI SMITH,RADIO ETHIOPIA
BAD DAY,R.E.M.,IN TIME - THE BEST OF R.E.M. 1988-2003
THE SIDEWINDER SLEEPS TONITE,R.E.M.,IN TIME - THE BEST OF R.E.M. 1988-2003
MIRACLE,R.E.M.,MAN ON THE MOON
ROSE-MARIE,ANDY KAUFMAN,MAN ON THE MOON
AIRPORTMAN,R.E.M.,UP
HOLLOW MAN,R.E.M.,ACCELERATE
COUNTRY FEEDBACK,R.E.M.,OUT OF TIME
BINKY THE DOORMAT,R.E.M.,NEW ADVENTURES IN HI-FI
DEPARTURE,R.E.M.,NEW ADVENTURES IN HI-FI
DANGEROUS MOOD,JOE COCKER,DEUCES WILD
KEEP IT COMING,B.B. KING,DEUCES WILD
PAYING THE COST TO BE THE BOSS,ROLLING STONES,DEUCES WILD
DOUBLE TROUBLE,B.B. KING,SIX SILVER STRINGS
MY GUITAR SINGS THE BLUES,B.B. KING,SIX SILVER STRINGS
SIX SILVER STRINGS,B.B. KING,SIX SILVER STRINGS
LITTLE BY LITTLE,B.B. KING,BLUES SUMMIT
WE'RE GONNA MAKE IT,B.B. KING,BLUES SUMMIT
YOU SHOOK ME,JOHN LEE HOOKER,BLUES SUMMIT
ROLL ROLL ROLL,B.B. KING,THERE IS ALWAYS ONE MORE TIME
CALDONIA,B.B. KING,THE BEST OF B.B. KING
BRIGIDINE DIANA,SINEAD O'CONNOR,SHE WHO DWELLS IN THE SECRET PLACE OF THE MOST...
JUMP IN THE RIVER,SINEAD O'CONNOR,I DO NOT WANT WHAT I HAVEN'T GOT
THREE BABIES,SINEAD O'CONNOR,I DO NOT WANT WHAT I HAVEN'T GOT
JAH NUH DEAD (DUB VERSION),SINEAD O'CONNOR,THROW DOWN YOUR ARMS
VAMPIRE (DUB VERSION),SINEAD O'CONNOR,THROW DOWN YOUR ARMS
Y MAS GAN (DUB VERSION),SINEAD O'CONNOR,THROW DOWN YOUR ARMS
BLACK COFFEE,SINEAD O'CONNOR,AM I NOT YOUR GIRL?
SUCCESS HAS MADE A FAILURE OF OUR HOME,SINEAD O'CONNOR,AM I NOT YOUR GIRL?
409,BEACH BOYS,16 SUPERHITS
HELP ME RHONDA,BEACH BOYS,16 SUPERHITS
I GET AROUND,BEACH BOYS,16 SUPERHITS
WOULDN'T IT BE NICE,BEACH BOYS,16 SUPERHITS
BALBOA BLUE,BEACH BOYS,SURFER GIRL
BLUEBERRY HILL,BEACH BOYS,15 BIG ONES / LOVE YOU
EVERYONE'S IN LOVE WITH YOU,BEACH BOYS,15 BIG ONES / LOVE YOU
LOVE IS A WOMAN,BEACH BOYS,15 BIG ONES / LOVE YOU
MY LIFE,BILLY JOEL,GREATEST HITS VOL. II
UPTOWN GIRL,BILLY JOEL,GREATEST HITS VOL. II
YOU MAY BE RIGHT,BILLY JOEL,GREATEST HITS VOL. II
A MATTER OF TRUST,BILLY JOEL,GREATEST HITS VOLUME III
AN INNOCENT MAN,BILLY JOEL,GREATEST HITS VOLUME III
WE DIDN'T START THE FIRE,BILLY JOEL,GREATEST HITS VOLUME III
NEW YORK STATE OF MIND,BILLY JOEL,GREATEST HITS VOLUME I 1973-19
SAY GOODBYE TO HOLLYWOOD,BILLY JOEL,GREATEST HITS VOLUME I 1973-19
KNUCKLEHEAD,IGGY POP,NAUGHTY LITTLE DOGGIE
PUSSY WALK,IGGY POP,NAUGHTY LITTLE DOGGIE
DEATH IS CERTAIN,IGGY POP,BEAT EM UP
UGLINESS,IGGY POP,BEAT EM UP
INFERIORITY COMPLEX,IGGY POP,SKULL RING
PRIVATE HELL,GREEN DAY,SKULL RING
BUTT TOWN,IGGY POP,BRICK BY BRICK
CRY FOR LOVE,IGGY POP,NUDE & RUDE: THE BEST OF IGGY POP
NIGHTCLUBBING,IGGY POP,NUDE & RUDE: THE BEST OF IGGY POP
IF EVER I SEE YOU AGAIN,ROBERTA FLACK,THE BEST OF ROBERTA FLACK
JESSE,ROBERTA FLACK,THE BEST OF ROBERTA FLACK
HIS NAME BRAZIL,ROBERTA FLACK,OASIS
OASIS,ROBERTA FLACK,OASIS
SHOCK TO MY SYSTEM,ROBERTA FLACK,OASIS
UH UH OOH OOH LOOK OUT (HERE II COMES),ROBERTA FLACK,OASIS
CONVERSATION LOVE,ROBERTA FLACK,KILLING ME SOFTLY
I'M THE GIRL,ROBERTA FLACK,KILLING ME SOFTLY
CALLIN' OUT MY NAME,DEL SHANNON,ROCK ON!
I GO TO PIECES,DEL SHANNON,ROCK ON!
I GOT YOU,DEL SHANNON,ROCK ON!
LET'S DANCE,DEL SHANNON,ROCK ON!
LOST IN A MEMORY,DEL SHANNON,ROCK ON!
WALK AWAY,DEL SHANNON,ROCK ON!
WHEN I HAD YOU,DEL SHANNON,ROCK ON!
THIS MAGIC MOMENT/DANCE WITH ME,RICK JAMES,ROCK RHYTHM & BLUES
LOVE'S UNKIND,DONNA SUMMER,THE BEST OF DONNA SUMMER
ON THE RADIO,DONNA SUMMER,THE BEST OF DONNA SUMMER
THIS TIME I KNOW IT'S FOR REAL,DONNA SUMMER,THE BEST OF DONNA SUMMER
WINTER MELODY,DONNA SUMMER,FOUR SEASONS OF LOVE
CARRY ON,DONNA SUMMER,THE DONNA SUMMER ANTHOLOGY
I FEEL LOVE,DONNA SUMMER,THE DONNA SUMMER ANTHOLOGY
LOVE TO LOVE YOU BABY,DONNA SUMMER,THE DONNA SUMMER ANTHOLOGY
TRY ME I KNOW WE CAN MAKE IT,DONNA SUMMER,THE DONNA SUMMER ANTHOLOGY
BACK ON MY FEET AGAIN,RANDY NEWMAN,GOOD OLD BOYS
GUILTY,RANDY NEWMAN,GOOD OLD BOYS
LOUISIANA 1927,RANDY NEWMAN,GOOD OLD BOYS
MARIE,RANDY NEWMAN,GOOD OLD BOYS
NAKED MAN,RANDY NEWMAN,GOOD OLD BOYS
ROLLIN',RANDY NEWMAN,GOOD OLD BOYS
I THINK IT'S GOING TO RAIN TODAY,RANDY NEWMAN,THE RANDY NEWMAN SONGBOOK - VOL.1
THE GREAT NATIONS OF EUROPE,RANDY NEWMAN,THE RANDY NEWMAN SONGBOOK - VOL.1
MY WORLD,METALLICA,ST. ANGER
BATTERY,METALLICA,MASTER OF PUPPETS
THROUGH THE NEVER,METALLICA,METALLICA
WHIPLASH,METALLICA,KILL 'EM ALL
SLITHER,METALLICA,RELOAD
CURE,METALLICA,LOAD
MAMA SAID,METALLICA,LOAD
POOR TWISTED ME,METALLICA,LOAD
IT'S TIME,ELVIS COSTELLO,ALL THIS USELESS BEAUTY
MY LITTLE BLUE WINDOW,ELVIS COSTELLO,WHEN I WAS CRUEL
HIDDEN SHAME,ELVIS COSTELLO,SECRET PROFANE & SUGARCANE
I FELT THE CHILL BEFORE THE WINTER COME,ELVIS COSTELLO,SECRET PROFANE & SUGARCANE
INTERNATIONAL ECHO,ELVIS COSTELLO,THE RIVER IN REVERSE
SIX-FINGERED MAN,ELVIS COSTELLO,THE RIVER IN REVERSE
HURRY DOWN DOOMSDAY (THE BUGS ARE TAKING OVER),ELVIS COSTELLO,MIGHTY LIKE A ROSE
HARRY WORTH,ELVIS COSTELLO,MOMOFUKU
ALL I NEED,AL GREEN,LAY IT DOWN
I'M WILD ABOUT YOU,AL GREEN,LAY IT DOWN
LAY IT DOWN,AL GREEN,LAY IT DOWN
NO ONE LIKE YOU,AL GREEN,LAY IT DOWN
STANDING IN THE RAIN,AL GREEN,LAY IT DOWN
TOO MUCH,AL GREEN,LAY IT DOWN
YOU'VE GOT THE LOVE I NEED,AL GREEN,LAY IT DOWN
LOUIE LOUIE,KINGSMEN,AMERICAN GRAFFITI MORE AMERICA
STAGGER LEE,NO ARTIST,AMERICAN GRAFFITI MORE AMERICA
AINT THAT TOO MUCH,GENE VINCENT,BEBOPALULA
BORN TO BE A ROLLING STONE,GENE VINCENT,BEBOPALULA
HURTIN' FOR YOU BABY,GENE VINCENT,BEBOPALULA
I'M A LONESOME FUGITIVE,GENE VINCENT,BEBOPALULA
LONELY STREET,GENE VINCENT,BEBOPALULA
LOVE IS A BIRD,GENE VINCENT,BEBOPALULA
RUBY BABY,GENE VINCENT,BEBOPALULA
SAY MAMA,GENE VINCENT,BEBOPALULA
AMERICAN DREAM,JIMMY CLIFF,THE POWER AND THE GLORY
POWER AND THE GLORY,JIMMY CLIFF,THE POWER AND THE GLORY
REGGAE NIGHTS,JIMMY CLIFF,THE POWER AND THE GLORY
ROOTS WOMAN,JIMMY CLIFF,THE POWER AND THE GLORY
ALL FOR LOVE,JIMMY CLIFF,JOURNEY OF A LIFETIME
LEARN TO LOVE,JIMMY CLIFF,JOURNEY OF A LIFETIME
RUBBER BALL,JIMMY CLIFF,JOURNEY OF A LIFETIME
SUPER BAD,JIMMY CLIFF,JOURNEY OF A LIFETIME
CARRIE,EUROPE,THE BEST 100 LOVE SONGS
DON'T DREAM IT'S OVER,PAUL YOUNG,THE BEST 100 LOVE SONGS
EVERYTIME YOU GO AWAY,PAUL YOUNG,THE BEST 100 LOVE SONGS
I LOVE YOU MUCH TOO MUCH,SANTANA,THE BEST 100 LOVE SONGS
I'M IN LOVE,ARETHA FRANKLIN,THE BEST 100 LOVE SONGS
IT'S ONLY LOVE,SIMPLY RED,THE BEST 100 LOVE SONGS
LOVE ME TENDER,PERCY SLEDGE,THE BEST 100 LOVE SONGS
MY GIRL,OTIS REDDING,THE BEST 100 LOVE SONGS
SWEET LOVE,NO ARTIST,THE BEST 100 LOVE SONGS
TIME AFTER TIME,CINDY LAUPER,THE BEST 100 LOVE SONGS
TRAPPED,ALL SAINTS,THE BEST 100 LOVE SONGS
TRUE COLORS,CINDY LAUPER,THE BEST 100 LOVE SONGS
WAITING FOR A GIRL LIKE YOU,FOREIGNER,THE BEST 100 LOVE SONGS
ALL ALONG THE WATCHTOWER,JIMI HENDRIX EXPERIENCE,EXPERIENCE HENDRIX - THE BEST OF JIMI HENDRIX
BOLD AS LOVE,JIMI HENDRIX EXPERIENCE,EXPERIENCE HENDRIX - THE BEST OF JIMI HENDRIX
MANIC DEPRESSION,JIMI HENDRIX EXPERIENCE,EXPERIENCE HENDRIX - THE BEST OF JIMI HENDRIX
PURPLE HAZE,JIMI HENDRIX EXPERIENCE,EXPERIENCE HENDRIX - THE BEST OF JIMI HENDRIX
VOODOO CHILD (SLIGHT RETURN),JIMI HENDRIX EXPERIENCE,EXPERIENCE HENDRIX - THE BEST OF JIMI HENDRIX
ASTRO MAN,BAND OF GYPSIES,THE JIMI HENDRIX EXPERIENCE
EARTH BLUES,BAND OF GYPSIES,THE JIMI HENDRIX EXPERIENCE
EZY RYDER,JIMI HENDRIX EXPERIENCE,THE JIMI HENDRIX EXPERIENCE
IZABELLA,JIMI HENDRIX EXPERIENCE,THE JIMI HENDRIX EXPERIENCE
MESSAGE TO LOVE,BAND OF GYPSIES,THE JIMI HENDRIX EXPERIENCE
TAKING CARE OF NO BUSINESS,JIMI HENDRIX EXPERIENCE,THE JIMI HENDRIX EXPERIENCE
PLEASE DON'T HURT MY BABY,STEVIE WONDER,A TIME TO LOVE
AIN'T THAT ASKING FOR TROUBLE,STEVIE WONDER,ESSENTIAL VOL.1 & 2
CONTRACT ON LOVE,STEVIE WONDER,ESSENTIAL VOL.1 & 2
HEY HARMONICA MAN,STEVIE WONDER,ESSENTIAL VOL.1 & 2
I'D CRY,STEVIE WONDER,ESSENTIAL VOL.1 & 2
THANK YOU LOVE,STEVIE WONDER,ESSENTIAL VOL.1 & 2
UNTIL YOU COME BACK TO ME (THAT'S WHAT I'M GONNA DO),STEVIE WONDER,ESSENTIAL VOL.1 & 2
DO LIKE YOU,STEVIE WONDER,HOTTER THAN JULY
MOVIN' COOL (THE AFTER PARTY),OUTKAST,BIG BOI & DRE PRESENT...
GHETTOMUSICK,OUTKAST,SPEAKERBOXXX/THE LOVE BELOW
LOVE IN WAR,OUTKAST,SPEAKERBOXXX/THE LOVE BELOW
SHE'S ALIVE,OUTKAST,SPEAKERBOXXX/THE LOVE BELOW
WAR,OUTKAST,SPEAKERBOXXX/THE LOVE BELOW
SLUM BEAUTIFUL,OUTKAST,STANKONIA
SPAGHETTI JUNCTION,OUTKAST,STANKONIA
WE LUV DEEZ HOEZ,OUTKAST,STANKONIA
ALL SHOOK UP,CARL PERKINS,THE GREATEST HITS OF ROCK'N'RO
BE BOP A LULA,CARL PERKINS,THE GREATEST HITS OF ROCK'N'RO
BIRD DOG,CARL PERKINS,THE GREATEST HITS OF ROCK'N'RO
HOUND DOG,CARL PERKINS,THE GREATEST HITS OF ROCK'N'RO
MATCHBOX,CARL PERKINS,THE GREATEST HITS OF ROCK'N'RO
WHOLE LOTTA SHAKIN' GOIN' ON,CARL PERKINS,THE GREATEST HITS OF ROCK'N'RO
BO DIDDLEY,BO DIDDLEY,RIP IT UP
SHAKE RATTLE AND ROLL,JOE TURNER,RIP IT UP
A HAZY SHADE OF WINTER,SIMON & GARFUNKEL,THE DEFINITIVE SIMON AND GARFUNKEL
THE BOXER,SIMON & GARFUNKEL,THE DEFINITIVE SIMON AND GARFUNKEL
WEDNESDAY MORNING 3 AM,SIMON & GARFUNKEL,THE DEFINITIVE SIMON AND GARFUNKEL
A MOST PECULIAR MAN,SIMON & GARFUNKEL,SOUNDS OF SILENCE
ANJI,SIMON & GARFUNKEL,SOUNDS OF SILENCE
BLESSED,SIMON & GARFUNKEL,SOUNDS OF SILENCE
LEAVES THAT ARE GREEN,SIMON & GARFUNKEL,SOUNDS OF SILENCE
SOMEWHERE THEY CAN'T FIND ME,SIMON & GARFUNKEL,SOUNDS OF SILENCE
I CORINTHIANS 15 55,JOHNNY CASH,AMERICAN VI: AIN'T NO GRAVE
DON'T TAKE YOUR GUNS TO TOWN,JOHNNY CASH,MAN IN BLACK
IF I WERE A CARPENTER,JOHNNY CASH,MAN IN BLACK
RING OF FIRE,JOHNNY CASH,MAN IN BLACK
STAND BY YOUR MAN,JOHNNY CASH,MAN IN BLACK
THE NIGHT HANK WILLIAMS CAME TO TOWN,JOHNNY CASH,MAN IN BLACK
WERE YOU THERE (WHEN THEY CRUCIFIED MY LORD),JOHNNY CASH,MAN IN BLACK
GIVE MY LOVE TO ROSE,JOHNNY CASH,RING OF FIRE - THE LEGEND OF JOHNNY CASH
GOD & GUNS,LYNYRD SKYNYRD,GOD & GUNS
STILL UNBROKEN,LYNYRD SKYNYRD,GOD & GUNS
I AIN'T THE ONE,LYNYRD SKYNYRD,SKYNYRD'S INNYRDS/THEIR GREATEST HITS
SATURDAY NIGHT SPECIAL,LYNYRD SKYNYRD,SKYNYRD'S INNYRDS/THEIR GREATEST HITS
THAT SMELL,LYNYRD SKYNYRD,SKYNYRD'S INNYRDS/THEIR GREATEST HITS
FULL MOON NIGHT,LYNYRD SKYNYRD,EDGE OF FOREVER
MEAN STREETS,LYNYRD SKYNYRD,EDGE OF FOREVER
WORKIN',LYNYRD SKYNYRD,EDGE OF FOREVER
EYE OF THE TIGER,SURVIVOR,TOP 40 ROCK CLASSICS
I WANT YOU TO WANT ME,CHEAP TRICK,TOP 40 ROCK CLASSICS
LAYLA,DEREK AND THE DOMINOS,TOP 40 ROCK CLASSICS
MORE THAN A FEELING,BOSTON,TOP 40 ROCK CLASSICS
ANNO MUNDI (THE VISION),BLACK SABBATH,TYR
FEELS GOOD TO ME,BLACK SABBATH,TYR
JERUSALEM,BLACK SABBATH,TYR
THE LAW MAKER,BLACK SABBATH,TYR
THE SABBATH STONES,BLACK SABBATH,TYR
VALHALLA,BLACK SABBATH,TYR
EVIL WOMAN,BLACK SABBATH,BLACK SABBATH
N.I.B.,BLACK SABBATH,BLACK SABBATH
ONE WORLD (NOT THREE),POLICE,GHOST IN THE MACHINE
SPIRITS IN THE MATERIAL WORLD,POLICE,GHOST IN THE MACHINE
MISS GRADENKO,POLICE,SYNCHRONICITY
MOTHER,POLICE,SYNCHRONICITY
O MY GOD,POLICE,SYNCHRONICITY
WRAPPED AROUND YOUR FINGER,POLICE,SYNCHRONICITY
CAN'T STAND LOSING YOU,POLICE,GREATEST HITS
WALKING ON THE MOON,POLICE,GREATEST HITS
HEART IN YOUR LIFE,BILL WITHERS,WATCHING YOU WATCHING ME
OH YEAH!,BILL WITHERS,WATCHING YOU WATCHING ME
SOMETHING THAT TURNS YOU ON,BILL WITHERS,WATCHING YOU WATCHING ME
STEPPIN' RIGHT ALONG,BILL WITHERS,WATCHING YOU WATCHING ME
WE COULD BE SWEET LOVERS,BILL WITHERS,WATCHING YOU WATCHING ME
WHATEVER HAPPENS,BILL WITHERS,WATCHING YOU WATCHING ME
YOU JUST CAN'T SMILE IT AWAY,BILL WITHERS,WATCHING YOU WATCHING ME
YOU TRY TO FIND A LOVE,BILL WITHERS,WATCHING YOU WATCHING ME
THE ERROR OF MY WAYS,SOLOMON BURKE,NOTHING'S IMPOSSIBLE
YOU NEEDED ME,SOLOMON BURKE,NOTHING'S IMPOSSIBLE
SOUL SEARCHIN',SOLOMON BURKE,DON'T GIVE UP ON ME
I GOT THE BLUES,SOLOMON BURKE,MAKE DO WITH WHAT YOU GOT
IT MAKES NO DIFFERENCE,SOLOMON BURKE,MAKE DO WITH WHAT YOU GOT
LET SOMEBODY LOVE ME,SOLOMON BURKE,MAKE DO WITH WHAT YOU GOT
DOWN IN THE VALLEY,SOLOMON BURKE,THE BEST OF SOLOMON BURKE
WON'T YOU GIVE HIM (ONE MORE CHANCE),SOLOMON BURKE,THE BEST OF SOLOMON BURKE
COLD AS ICE,FOREIGNER,THE VERY BEST AND BEYOND
DOUBLE VISION,FOREIGNER,THE VERY BEST AND BEYOND
I DON'T WANT TO LIVE WITHOUT YOU,FOREIGNER,THE VERY BEST AND BEYOND
PRISONER OF LOVE,FOREIGNER,THE VERY BEST AND BEYOND
REV ON THE RED LINE,FOREIGNER,THE VERY BEST AND BEYOND
SAY YOU WILL,FOREIGNER,THE VERY BEST AND BEYOND
URGENT,FOREIGNER,THE VERY BEST AND BEYOND
ANYWAY ANYHOW ANYWHERE,WHO,THE BEST
I'M A BOY,WHO,THE BEST
WHO ARE YOU?,WHO,THE BEST
GUITAR AND PEN,WHO,WHO ARE YOU
LOVE IS COMING DOWN,WHO,WHO ARE YOU
TRICK OF THE LIGHT,WHO,WHO ARE YOU
GO TO THE MIRROR,WHO,TOMMY
OVERTURE,WHO,TOMMY
AMERICAN IDIOT,GREEN DAY,AMERICAN IDIOT
SHE'S A REBEL,GREEN DAY,AMERICAN IDIOT
KNOW YOUR ENEMY,GREEN DAY,21ST CENTURY BREAKDOWN
HAVING A BLAST,GREEN DAY,DOOKIE
LONGVIEW,GREEN DAY,DOOKIE
WELCOME TO PARADISE,GREEN DAY,DOOKIE
FASHION VICTIM,GREEN DAY,WARNING
I'M NOT IN LOVE,FUN LOVIN' CRIMINALS,LOUNGE-A-PALOOZA
WICHITA LINEMAN,GLEN CAMPBELL,LOUNGE-A-PALOOZA
ZAZ TURNED BLUE,PJ HARVEY,LOUNGE-A-PALOOZA
HEAL THE WORLD,MICHAEL JACKSON,DANGEROUS
MAN IN THE MIRROR,MICHAEL JACKSON,BAD
THE WAY YOU MAKE ME FEEL,MICHAEL JACKSON,BAD
BEAT IT,MICHAEL JACKSON,HISTORY - PAST
CHILDHOOD,MICHAEL JACKSON,HISTORY - PAST
ROCK WITH YOU,MICHAEL JACKSON,HISTORY - PAST
THEY DON'T CARE ABOUT US,MICHAEL JACKSON,HISTORY - PAST
THIS TIME AROUND,MICHAEL JACKSON,HISTORY - PAST
HARD TIMES,RAY CHARLES,THE BIRTH OF SOUL VOL. 2
IT'S ALRIGHT,RAY CHARLES,THE BIRTH OF SOUL VOL. 2
I WANT A LITTLE GIRL,RAY CHARLES,THE BIRTH OF SOUL VOL. 3
I'LL TAKE CARE OF YOU,RAY CHARLES,WOULD YOU BELIEVE?
BLACKJACK,RAY CHARLES,THE BIRTH OF SOUL VOL. 1
THE MIDNIGHT HOUR,RAY CHARLES,THE BIRTH OF SOUL VOL. 1
LET'S GO GET STONED,RAY CHARLES,THE VERY BEST OF RAY CHARLES
UNCHAIN MY HEART,RAY CHARLES,THE VERY BEST OF RAY CHARLES
DEAD SOULS,JOY DIVISION,STILL
EXERCISE ONE,JOY DIVISION,STILL
GLASS,JOY DIVISION,STILL
WALKED IN LINE,JOY DIVISION,STILL
ATMOSPHERE,JOY DIVISION,PERMANENT: JOY DIVISION 1995
LOVE WILL TEAR US APART,JOY DIVISION,PERMANENT: JOY DIVISION 1995
LOVE WILL TEAR US APART (PERMANENT MIX),JOY DIVISION,PERMANENT: JOY DIVISION 1995
THESE DAYS,JOY DIVISION,PERMANENT: JOY DIVISION 1995
ABDUL AND CLEOPATRA,MODERN LOVERS,THE BEST OF JONATHAN RICHMAN AND THE MODERN LOVERS
AFTERNOON,MODERN LOVERS,THE BEST OF JONATHAN RICHMAN AND THE MODERN LOVERS
BACK IN YOUR LIFE,MODERN LOVERS,THE BEST OF JONATHAN RICHMAN AND THE MODERN LOVERS
DODGE VEG-O-MATIC,MODERN LOVERS,THE BEST OF JONATHAN RICHMAN AND THE MODERN LOVERS
HERE COME THE MARTIAN MARTIANS,MODERN LOVERS,THE BEST OF JONATHAN RICHMAN AND THE MODERN LOVERS
ICE CREAM MAN,MODERN LOVERS,THE BEST OF JONATHAN RICHMAN AND THE MODERN LOVERS
LONELY FINANCIAL ZONE,MODERN LOVERS,THE BEST OF JONATHAN RICHMAN AND THE MODERN LOVERS
PABLO PICASSO,MODERN LOVERS,THE BEST OF JONATHAN RICHMAN AND THE MODERN LOVERS
DANIEL AND THE SACRED HARP,BAND,THE COLLECTION
THE GREAT PRETENDER,BAND,THE COLLECTION
AMAZON (RIVER OF DREAMS),BAND,JERICHO
ATLANTIC CITY,BAND,JERICHO
BLUES STAY AWAY FROM ME,BAND,JERICHO
STUFF YOU GOTTA WATCH,BAND,JERICHO
BACK TO MEMPHIS,BAND,HIGH ON THE HOG
CRAZY MAMA,BAND,HIGH ON THE HOG
I'LL BE HOME,PLATTERS,THE GREAT PRETENDER
I'M SORRY,PLATTERS,THE GREAT PRETENDER
MY PRAYER,PLATTERS,THE GREAT PRETENDER
PLEDGING MY LOVE,PLATTERS,THE GREAT PRETENDER
SMOKE GETS IN YOUR EYES,PLATTERS,THE GREAT PRETENDER
THE GREAT PRETENDER,PLATTERS,THE GREAT PRETENDER
ENCHANTED,PLATTERS,REMEMBER WHEN
REMEMBER WHEN,PLATTERS,REMEMBER WHEN
HIGHER AND HIGHER (YOUR LOVE KEEPS LIFTING ME),JACKIE WILSON,100 ALL TIME CLASSIC DANCE HIT
I'LL TAKE YOU THERE,STAPLE SINGERS,100 ALL TIME CLASSIC DANCE HIT
GIRLS GOT RHYTHM,AC/DC,HIGHWAY TO HELL
HIGHWAY TO HELL,AC/DC,HIGHWAY TO HELL
NIGHT PROWLER,AC/DC,HIGHWAY TO HELL
SHAKE A LEG,AC/DC,BACK IN BLACK
FOR THOSE ABOUT TO ROCK (WE SALUTE YOU),AC/DC,FOR THOSE ABOUT TO ROCK WE SALUTE YOU
LET'S GET IT UP,AC/DC,FOR THOSE ABOUT TO ROCK WE SALUTE YOU
SNOWBALLED,AC/DC,FOR THOSE ABOUT TO ROCK WE SALUTE YOU
ROCK N ROLL DREAM,AC/DC,BLACK ICE
HAMMER TO FALL,QUEEN,ROCKS
I CAN'T LIVE WITH YOU,QUEEN,ROCKS
SOME DAY ONE DAY,QUEEN,QUEEN II
COSMOS ROCKIN,QUEEN,THE COSMOS ROCKS
MOTHER LOVE,QUEEN,MADE IN HEAVEN
MY LIFE HAS BEEN SAVED,QUEEN,MADE IN HEAVEN
GOOD OLD FASHIONED LOVER BOY,QUEEN,A DAY AT THE RACES
THE MIRACLE,QUEEN,GREATEST HITS II
OH SUSANNAH!,JAMES TAYLOR,SWEET BABY JAMES
DON'T LET ME BE LONELY TONIGHT,JAMES TAYLOR,THE BEST OF JAMES TAYLOR
LONG AGO AND FAR AWAY,JAMES TAYLOR,THE BEST OF JAMES TAYLOR
SHOWER THE PEOPLE,JAMES TAYLOR,THE BEST OF JAMES TAYLOR
SOMETHING IN THE WAY SHE MOVES,JAMES TAYLOR,THE BEST OF JAMES TAYLOR
LITTLE MORE TIME WITH YOU,JAMES TAYLOR,GREATEST HITS VOLUME 2
NEVER DIE YOUNG,JAMES TAYLOR,GREATEST HITS VOLUME 2
UP ON THE ROOF,JAMES TAYLOR,GREATEST HITS VOLUME 2
ALL NIGHT TRAIN,ALLMAN BROTHERS BAND,WHERE IT ALL BEGINS
SOUL SHINE,ALLMAN BROTHERS BAND,WHERE IT ALL BEGINS
WHAT'S DONE IS DONE,ALLMAN BROTHERS BAND,WHERE IT ALL BEGINS
BAD RAIN,ALLMAN BROTHERS BAND,SHADES OF TWO WORLDS
HEART OF STONE,ALLMAN BROTHERS BAND,HITTIN' THE NOTE
OLD BEFORE MY TIME,ALLMAN BROTHERS BAND,HITTIN' THE NOTE
CRAZY LOVE,ALLMAN BROTHERS BAND,A DECADE OF HITS 1969 1979
WASTED WORDS,ALLMAN BROTHERS BAND,A DECADE OF HITS 1969 1979
BY HIS GRACE,VAN MORRISON,HYMNS TO THE SILENCE
I CAN'T STOP LOVING YOU,VAN MORRISON,HYMNS TO THE SILENCE
I NEED YOUR KIND OF LOVING,VAN MORRISON,HYMNS TO THE SILENCE
PROFESSIONAL JEALOUSY,VAN MORRISON,HYMNS TO THE SILENCE
QUALITY STREET,VAN MORRISON,HYMNS TO THE SILENCE
UNDERLYING DEPRESSION,VAN MORRISON,DAYS LIKE THIS
ONLY A DREAM,VAN MORRISON,DOWN THE ROAD
THE BEAUTY OF THE DAYS GONE BY,VAN MORRISON,DOWN THE ROAD
CLOUD NINE,TEMPTATIONS,CLOUD NINE
DON'T LET HIM TAKE YOUR LOVE FROM ME,TEMPTATIONS,CLOUD NINE
HEY GIRL,TEMPTATIONS,CLOUD NINE
I GOTTA FIND A WAY (TO GET YOU BACK),TEMPTATIONS,CLOUD NINE
I HEARD IT THROUGH THE GRAPEVINE,TEMPTATIONS,CLOUD NINE
I NEED YOUR LOVIN',TEMPTATIONS,CLOUD NINE
LOVE IS A HURTIN' THING,TEMPTATIONS,CLOUD NINE
WHY DID SHE HAVE TO LEAVE ME (WHY DID SHE HAVE TO GO),TEMPTATIONS,CLOUD NINE
GOD SAVE THE QUEEN,SEX PISTOLS,FLOGGING A DEAD HORSE
GREAT ROCK'N'ROLL SWINDLE,SEX PISTOLS,FLOGGING A DEAD HORSE
HOLIDAYS IN THE SUN,SEX PISTOLS,FLOGGING A DEAD HORSE
I WANNA BE ME,SEX PISTOLS,FLOGGING A DEAD HORSE
PRETTY VACANT,SEX PISTOLS,FLOGGING A DEAD HORSE
SILLY THING,SEX PISTOLS,FLOGGING A DEAD HORSE
STEPPING STONE,SEX PISTOLS,FLOGGING A DEAD HORSE
NEW YORK,SEX PISTOLS,NEVER MIND THE BOLLOCKS
CAN'T GIVE YOU UP,AFRIKA BAMBAATAA,THE DECADE OF DARKNESS 1990-2000
FREEDOM,AFRIKA BAMBAATAA,THE DECADE OF DARKNESS 1990-2000
IN A MINUTE,AFRIKA BAMBAATAA,THE DECADE OF DARKNESS 1990-2000
JUST GET UP AND DANCE,AFRIKA BAMBAATAA,THE DECADE OF DARKNESS 1990-2000
SAVE THE WORLD,AFRIKA BAMBAATAA,THE DECADE OF DARKNESS 1990-2000
SAY IT LOUD,AFRIKA BAMBAATAA,THE DECADE OF DARKNESS 1990-2000
STEPPIN' HARD ZULU NATION,AFRIKA BAMBAATAA,THE DECADE OF DARKNESS 1990-2000
TASTE THE FUNK,AFRIKA BAMBAATAA,THE DECADE OF DARKNESS 1990-2000
NEW YEAR'S RESOLUTION,OTIS REDDING,KING & QUEEN
FA FA FA FA FA (SAD SONG),OTIS REDDING,THE DEFINITIVE OTIS REDDING
I'M COMING HOME,OTIS REDDING,THE DEFINITIVE OTIS REDDING
I'VE GOT DREAMS TO REMEMBER,OTIS REDDING,THE DEFINITIVE OTIS REDDING
THE MATCH GAME,OTIS REDDING,THE DEFINITIVE OTIS REDDING
YOU LEFT THE WATER RUNNING,OTIS REDDING,THE DEFINITIVE OTIS REDDING
STAND BY ME,OTIS REDDING,PAIN IN MY HEART
CUCURRUCUCU PALOMA,JOAN BAEZ,LATIN HITS THROUGH THE YEARS
GRANADA,FRANK SINATRA,LATIN HITS THROUGH THE YEARS
TIME WAS,FLAMINGOS,LATIN HITS THROUGH THE YEARS
TRES PALABRAS,NAT COLE,LATIN HITS THROUGH THE YEARS
DRIVEBY,NEIL YOUNG,SLEEPS WITH ANGELS
TRANS AM,NEIL YOUNG,SLEEPS WITH ANGELS
SOMEONE'S GOING TO RESCUE YOU,NEIL YOUNG,LE NOISE
ON BROADWAY,NEIL YOUNG,FREEDOM
THE WAYS OF LOVE,NEIL YOUNG,FREEDOM
BE WITH YOU,NEIL YOUNG,ARE YOU PASSIONATE?
ALREADY ONE,NEIL YOUNG,COMES A TIME
HUMAN HIGHWAY,NEIL YOUNG,COMES A TIME
KAYA,BOB MARLEY,KAYA
MISTY MORNING,BOB MARLEY,KAYA
SATISFY MY SOUL,BOB MARLEY,KAYA
BURNIN' AND LOOTIN',BOB MARLEY,BURNIN'
ONE FOUNDATION,BOB MARLEY,BURNIN'
TURN YOUR LIGHTS DOWN LOW,BOB MARLEY,ONE LOVE THE VERY BEST OF BOB MARLEY & THE WAILERS
SLAVE DRIVER,BOB MARLEY,CATCH A FIRE
STOP THE TRAIN,BOB MARLEY,CATCH A FIRE
CAN I HAVE A KISS (FOR OLD TIMES' SAKE)?,ISLEY BROTHERS,MISSION TO PLEASE
FOOTSTEPS IN THE DARK (PARTS 1 & 2),ISLEY BROTHERS,THE ESSENTIAL
FREEDOM,ISLEY BROTHERS,THE ESSENTIAL
HARVEST FOR THE WORLD,ISLEY BROTHERS,THE ESSENTIAL
LAY AWAY,ISLEY BROTHERS,THE ESSENTIAL
TWIST AND SHOUT,ISLEY BROTHERS,THE ESSENTIAL
LUCKY CHARM,ISLEY BROTHERS,BODY KISS
SUPERSTAR,ISLEY BROTHERS,BODY KISS
FLYIN' HIGH (IN THE FRIENDLY SKY),MARVIN GAYE,WHAT'S GOING ON
WHAT'S HAPPENING BROTHER,MARVIN GAYE,WHAT'S GOING ON
AIN'T NOTHING LIKE THE REAL THING,MARVIN GAYE,ANTHOLOGY
COME GET TO THIS,MARVIN GAYE,ANTHOLOGY
HITCH HIKE,MARVIN GAYE,ANTHOLOGY
IF I COULD BUILD MY WHOLE WORLD AROUND YOU,MARVIN GAYE,ANTHOLOGY
MY MISTAKE (WAS TO LOVE YOU),DIANA ROSS,ANTHOLOGY
PRAISE,MARVIN GAYE,ANTHOLOGY
TRY IT BABY,MARVIN GAYE,ANTHOLOGY
I NEED A MAN,EURYTHMICS,GREATEST HITS
THORN IN MY SIDE,EURYTHMICS,GREATEST HITS
DO YOU WANT TO BREAK UP?,EURYTHMICS,SAVAGE
SHAME,EURYTHMICS,SAVAGE
I SAVED THE WORLD TODAY,EURYTHMICS,PEACE
I WANT IT ALL,EURYTHMICS,PEACE
PEACE IS JUST A WORD,EURYTHMICS,PEACE
WHEN THE DAY GOES DOWN,EURYTHMICS,WE TOO ARE ONE
DANCE TO THE MUSIC,SLY & THE FAMILY STONE,DIFFERENT STROKES BY DIFFERENT FOLKS
FAMILY AFFAIR,SLY & THE FAMILY STONE,DIFFERENT STROKES BY DIFFERENT FOLKS
I WANT TO TAKE YOU HIGHER,SLY & THE FAMILY STONE,DIFFERENT STROKES BY DIFFERENT FOLKS
SING A SIMPLE SONG,SLY & THE FAMILY STONE,DIFFERENT STROKES BY DIFFERENT FOLKS
STAR,SLY & THE FAMILY STONE,DIFFERENT STROKES BY DIFFERENT FOLKS
YOU CAN MAKE IT IF YOU TRY,SLY & THE FAMILY STONE,DIFFERENT STROKES BY DIFFERENT FOLKS
SPACED COW BOY,SLY & THE FAMILY STONE,THERE'S A RIOT GOIN' ON
TIME,SLY & THE FAMILY STONE,THERE'S A RIOT GOIN' ON
BODHISATTVA VOW,BEASTIE BOYS,ANTHOLOGY: THE SOUNDS OF SCIENCE
GET IT TOGETHER,BEASTIE BOYS,ANTHOLOGY: THE SOUNDS OF SCIENCE
INTERGALACTIC,BEASTIE BOYS,ANTHOLOGY: THE SOUNDS OF SCIENCE
JIMMY JAMES,BEASTIE BOYS,ANTHOLOGY: THE SOUNDS OF SCIENCE
SABOTAGE,BEASTIE BOYS,ANTHOLOGY: THE SOUNDS OF SCIENCE
SOMETHING'S GOT TO GIVE,BEASTIE BOYS,ANTHOLOGY: THE SOUNDS OF SCIENCE
SON OF NECKBONE,BEASTIE BOYS,ANTHOLOGY: THE SOUNDS OF SCIENCE
SURE SHOT,BEASTIE BOYS,ANTHOLOGY: THE SOUNDS OF SCIENCE
ALL YOU GET FROM LOVE IS A LOVE SONG,CARPENTERS,PASSAGE
I JUST FALL IN LOVE AGAIN,CARPENTERS,PASSAGE
MAN SMART WOMAN SMARTER,CARPENTERS,PASSAGE
SWEET SWEET SMILE,CARPENTERS,PASSAGE
NOW,CARPENTERS,VOICE OF THE HEART
SAILING ON THE TIDE,CARPENTERS,VOICE OF THE HEART
YOU'RE ENOUGH,CARPENTERS,VOICE OF THE HEART
YOUR BABY DOESN'T LOVE YOU ANYMORE,CARPENTERS,VOICE OF THE HEART
HEAVEN IS A PLACE ON EARTH,BELINDA CARLISE,ONESHOT '80 - VOLUME 7
I LOVE ROCK N' ROLL,JOAN JETT,ONESHOT '80 - VOLUME 7
DEJA VU,CROSBY STILLS NASH & YOUNG,SO FAR
GUINNEVERE,NO ARTIST,SO FAR
HELPLESSLY HOPING,NO ARTIST,SO FAR
OHIO,CROSBY STILLS NASH & YOUNG,SO FAR
HEARTLAND,CROSBY STILLS NASH & YOUNG,LOOKING FORWARD
QUEEN OF THEM ALL,CROSBY STILLS NASH & YOUNG,LOOKING FORWARD
FEEL YOUR LOVE,CROSBY STILLS NASH & YOUNG,AMERICAN DREAM
NIGHT SONG,CROSBY STILLS NASH & YOUNG,AMERICAN DREAM
SHADOWLAND,CROSBY STILLS NASH & YOUNG,AMERICAN DREAM
THIS OLD HOUSE,CROSBY STILLS NASH & YOUNG,AMERICAN DREAM
SPANISH HARLEM,ARETHA FRANKLIN,LA REGINA:IL MEGLIO DI A.FRANK
DOCTOR'S ORDERS,ARETHA FRANKLIN,WHAT YOU SEE IS WHAT YOU SWEAT
SOMEONE ELSE'S EYES,ARETHA FRANKLIN,WHAT YOU SEE IS WHAT YOU SWEAT
MAKE SOMEONE HAPPY,ARETHA FRANKLIN,THE COLLECTION
A CHANGE IS GONNA COME,ARETHA FRANKLIN,I NEVER LOVED A MAN THE WAY I LOVE YOU
DO RIGHT WOMAN DO RIGHT MAN,ARETHA FRANKLIN,I NEVER LOVED A MAN THE WAY I LOVE YOU
EAT THE RICH,AEROSMITH,BIG ONES
RAG DOLL,AEROSMITH,BIG ONES
DREAM ON,AEROSMITH,GREATEST HITS 1973-1988
SEASONS OF WITHER,AEROSMITH,GREATEST HITS 1973-1988
GIRLS OF SUMMER,AEROSMITH,O
PERMANENT VACATION,AEROSMITH,PERMANENT VACATION
SHAME ON YOU,AEROSMITH,DONE WITH MIRRORS
THE HOP,AEROSMITH,DONE WITH MIRRORS
CHIC MYSTIQUE,CHIC,CHIC-ISM
CHIC MYSTIQUE (REPRISE),CHIC,CHIC-ISM
DOIN' THAT THING TO ME,CHIC,CHIC-ISM
JUSAGROOVE,CHIC,CHIC-ISM
MY LOVE'S FOR REAL,CHIC,CHIC-ISM
SOMETHING YOU CAN FEEL,CHIC,CHIC-ISM
CHIC CHEER,CHIC,BEST OF CHIC
SAVOIR FAIRE,CHIC,C'EST CHIC
